category,value
Event count (Nominal),2084
Event count (UP),2284
Event count (DOWN),2085
Event counts identical?,"Nominal=UP=False, Nominal=DOWN=False"
Column count (Nominal),1170
Column count (UP),1144
Column count (DOWN),1144
Only in UP (not in DOWN),None
Only in DOWN (not in UP),None
Common columns (UP & DOWN),DeltaR_b1l1
Common columns (UP & DOWN),DeltaR_b1l2
Common columns (UP & DOWN),DeltaR_b2l1
Common columns (UP & DOWN),DeltaR_b2l2
Common columns (UP & DOWN),DeltaR_j10l1
Common columns (UP & DOWN),DeltaR_j10l2
Common columns (UP & DOWN),DeltaR_j10l3
Common columns (UP & DOWN),DeltaR_j10l4
Common columns (UP & DOWN),DeltaR_j1l1
Common columns (UP & DOWN),DeltaR_j1l2
Common columns (UP & DOWN),DeltaR_j1l3
Common columns (UP & DOWN),DeltaR_j1l4
Common columns (UP & DOWN),DeltaR_j2l1
Common columns (UP & DOWN),DeltaR_j2l2
Common columns (UP & DOWN),DeltaR_j2l3
Common columns (UP & DOWN),DeltaR_j2l4
Common columns (UP & DOWN),DeltaR_j3l1
Common columns (UP & DOWN),DeltaR_j3l2
Common columns (UP & DOWN),DeltaR_j3l3
Common columns (UP & DOWN),DeltaR_j3l4
Common columns (UP & DOWN),DeltaR_j4l1
Common columns (UP & DOWN),DeltaR_j4l2
Common columns (UP & DOWN),DeltaR_j4l3
Common columns (UP & DOWN),DeltaR_j4l4
Common columns (UP & DOWN),DeltaR_j5l1
Common columns (UP & DOWN),DeltaR_j5l2
Common columns (UP & DOWN),DeltaR_j5l3
Common columns (UP & DOWN),DeltaR_j5l4
Common columns (UP & DOWN),DeltaR_j6l1
Common columns (UP & DOWN),DeltaR_j6l2
Common columns (UP & DOWN),DeltaR_j6l3
Common columns (UP & DOWN),DeltaR_j6l4
Common columns (UP & DOWN),DeltaR_j7l1
Common columns (UP & DOWN),DeltaR_j7l2
Common columns (UP & DOWN),DeltaR_j7l3
Common columns (UP & DOWN),DeltaR_j7l4
Common columns (UP & DOWN),DeltaR_j8l1
Common columns (UP & DOWN),DeltaR_j8l2
Common columns (UP & DOWN),DeltaR_j8l3
Common columns (UP & DOWN),DeltaR_j8l4
Common columns (UP & DOWN),DeltaR_j9l1
Common columns (UP & DOWN),DeltaR_j9l2
Common columns (UP & DOWN),DeltaR_j9l3
Common columns (UP & DOWN),DeltaR_j9l4
Common columns (UP & DOWN),GenPTH
Common columns (UP & DOWN),HTXS_Higgs_pt
Common columns (UP & DOWN),HTXS_Higgs_y
Common columns (UP & DOWN),HTXS_njets30
Common columns (UP & DOWN),HTXS_stage_0
Common columns (UP & DOWN),Njets2p5
Common columns (UP & DOWN),Res_CosThetaStar_CS
Common columns (UP & DOWN),Res_CosThetaStar_gg
Common columns (UP & DOWN),Res_CosThetaStar_jj
Common columns (UP & DOWN),Res_DNNpair_CosThetaStar_CS
Common columns (UP & DOWN),Res_DNNpair_CosThetaStar_gg
Common columns (UP & DOWN),Res_DNNpair_CosThetaStar_jj
Common columns (UP & DOWN),Res_DNNpair_DeltaPhi_j1MET
Common columns (UP & DOWN),Res_DNNpair_DeltaPhi_j2MET
Common columns (UP & DOWN),Res_DNNpair_DeltaR_j1g1
Common columns (UP & DOWN),Res_DNNpair_DeltaR_j1g2
Common columns (UP & DOWN),Res_DNNpair_DeltaR_j2g1
Common columns (UP & DOWN),Res_DNNpair_DeltaR_j2g2
Common columns (UP & DOWN),Res_DNNpair_DeltaR_jg_min
Common columns (UP & DOWN),Res_DNNpair_FirstJet_PtOverM
Common columns (UP & DOWN),Res_DNNpair_HHbbggCandidate_eta
Common columns (UP & DOWN),Res_DNNpair_HHbbggCandidate_mass
Common columns (UP & DOWN),Res_DNNpair_HHbbggCandidate_phi
Common columns (UP & DOWN),Res_DNNpair_HHbbggCandidate_pt
Common columns (UP & DOWN),Res_DNNpair_Higgs_toGG_genMatched
Common columns (UP & DOWN),Res_DNNpair_Higgs_tobb_genMatched
Common columns (UP & DOWN),Res_DNNpair_MET_phiPNetCorr
Common columns (UP & DOWN),Res_DNNpair_MET_ptPNetCorr
Common columns (UP & DOWN),Res_DNNpair_M_X
Common columns (UP & DOWN),Res_DNNpair_SecondJet_PtOverM
Common columns (UP & DOWN),Res_DNNpair_chi_t0
Common columns (UP & DOWN),Res_DNNpair_chi_t1
Common columns (UP & DOWN),Res_DNNpair_dijet_DNNpair_Score
Common columns (UP & DOWN),Res_DNNpair_dijet_charge
Common columns (UP & DOWN),Res_DNNpair_dijet_eta
Common columns (UP & DOWN),Res_DNNpair_dijet_mass
Common columns (UP & DOWN),Res_DNNpair_dijet_mass_DNNreg
Common columns (UP & DOWN),Res_DNNpair_dijet_phi
Common columns (UP & DOWN),Res_DNNpair_dijet_pt
Common columns (UP & DOWN),Res_DNNpair_has_atleast_one_fatjet
Common columns (UP & DOWN),Res_DNNpair_has_two_btagged_jets
Common columns (UP & DOWN),Res_DNNpair_lead_bjet_PNetRegPtRawCorr
Common columns (UP & DOWN),Res_DNNpair_lead_bjet_PNetRegPtRawCorrNeutrino
Common columns (UP & DOWN),Res_DNNpair_lead_bjet_PNetRegPtRawRes
Common columns (UP & DOWN),Res_DNNpair_lead_bjet_btagPNetB
Common columns (UP & DOWN),Res_DNNpair_lead_bjet_charge
Common columns (UP & DOWN),Res_DNNpair_lead_bjet_eta
Common columns (UP & DOWN),Res_DNNpair_lead_bjet_genFlav
Common columns (UP & DOWN),Res_DNNpair_lead_bjet_genMatched
Common columns (UP & DOWN),Res_DNNpair_lead_bjet_hFlav
Common columns (UP & DOWN),Res_DNNpair_lead_bjet_jet_idx
Common columns (UP & DOWN),Res_DNNpair_lead_bjet_mass
Common columns (UP & DOWN),Res_DNNpair_lead_bjet_phi
Common columns (UP & DOWN),Res_DNNpair_lead_bjet_pt
Common columns (UP & DOWN),Res_DNNpair_lead_bjet_pt_orig
Common columns (UP & DOWN),Res_DNNpair_lead_bjet_rawFactor
Common columns (UP & DOWN),Res_DNNpair_pholead_PtOverM
Common columns (UP & DOWN),Res_DNNpair_phosublead_PtOverM
Common columns (UP & DOWN),Res_DNNpair_sublead_bjet_PNetRegPtRawCorr
Common columns (UP & DOWN),Res_DNNpair_sublead_bjet_PNetRegPtRawCorrNeutrino
Common columns (UP & DOWN),Res_DNNpair_sublead_bjet_PNetRegPtRawRes
Common columns (UP & DOWN),Res_DNNpair_sublead_bjet_btagPNetB
Common columns (UP & DOWN),Res_DNNpair_sublead_bjet_charge
Common columns (UP & DOWN),Res_DNNpair_sublead_bjet_eta
Common columns (UP & DOWN),Res_DNNpair_sublead_bjet_genFlav
Common columns (UP & DOWN),Res_DNNpair_sublead_bjet_genMatched
Common columns (UP & DOWN),Res_DNNpair_sublead_bjet_hFlav
Common columns (UP & DOWN),Res_DNNpair_sublead_bjet_jet_idx
Common columns (UP & DOWN),Res_DNNpair_sublead_bjet_mass
Common columns (UP & DOWN),Res_DNNpair_sublead_bjet_phi
Common columns (UP & DOWN),Res_DNNpair_sublead_bjet_pt
Common columns (UP & DOWN),Res_DNNpair_sublead_bjet_pt_orig
Common columns (UP & DOWN),Res_DNNpair_sublead_bjet_rawFactor
Common columns (UP & DOWN),Res_DeltaPhi_j1MET
Common columns (UP & DOWN),Res_DeltaPhi_j2MET
Common columns (UP & DOWN),Res_DeltaR_j1g1
Common columns (UP & DOWN),Res_DeltaR_j1g2
Common columns (UP & DOWN),Res_DeltaR_j2g1
Common columns (UP & DOWN),Res_DeltaR_j2g2
Common columns (UP & DOWN),Res_DeltaR_jg_min
Common columns (UP & DOWN),Res_FirstJet_PtOverM
Common columns (UP & DOWN),Res_HHbbggCandidate_eta
Common columns (UP & DOWN),Res_HHbbggCandidate_mass
Common columns (UP & DOWN),Res_HHbbggCandidate_phi
Common columns (UP & DOWN),Res_HHbbggCandidate_pt
Common columns (UP & DOWN),Res_Higgs_toGG_genMatched
Common columns (UP & DOWN),Res_Higgs_tobb_genMatched
Common columns (UP & DOWN),Res_MET_phiPNetCorr
Common columns (UP & DOWN),Res_MET_ptPNetCorr
Common columns (UP & DOWN),Res_M_X
Common columns (UP & DOWN),Res_SecondJet_PtOverM
Common columns (UP & DOWN),Res_chi_t0
Common columns (UP & DOWN),Res_chi_t1
Common columns (UP & DOWN),Res_dijet_charge
Common columns (UP & DOWN),Res_dijet_eta
Common columns (UP & DOWN),Res_dijet_mass
Common columns (UP & DOWN),Res_dijet_mass_DNNreg
Common columns (UP & DOWN),Res_dijet_phi
Common columns (UP & DOWN),Res_dijet_pt
Common columns (UP & DOWN),Res_has_atleast_one_fatjet
Common columns (UP & DOWN),Res_has_two_btagged_jets
Common columns (UP & DOWN),Res_lead_bjet_PNetRegPtRawCorr
Common columns (UP & DOWN),Res_lead_bjet_PNetRegPtRawCorrNeutrino
Common columns (UP & DOWN),Res_lead_bjet_PNetRegPtRawRes
Common columns (UP & DOWN),Res_lead_bjet_btagPNetB
Common columns (UP & DOWN),Res_lead_bjet_charge
Common columns (UP & DOWN),Res_lead_bjet_eta
Common columns (UP & DOWN),Res_lead_bjet_genFlav
Common columns (UP & DOWN),Res_lead_bjet_genMatched
Common columns (UP & DOWN),Res_lead_bjet_hFlav
Common columns (UP & DOWN),Res_lead_bjet_jet_idx
Common columns (UP & DOWN),Res_lead_bjet_mass
Common columns (UP & DOWN),Res_lead_bjet_phi
Common columns (UP & DOWN),Res_lead_bjet_pt
Common columns (UP & DOWN),Res_lead_bjet_pt_orig
Common columns (UP & DOWN),Res_lead_bjet_rawFactor
Common columns (UP & DOWN),Res_pholead_PtOverM
Common columns (UP & DOWN),Res_phosublead_PtOverM
Common columns (UP & DOWN),Res_sublead_bjet_PNetRegPtRawCorr
Common columns (UP & DOWN),Res_sublead_bjet_PNetRegPtRawCorrNeutrino
Common columns (UP & DOWN),Res_sublead_bjet_PNetRegPtRawRes
Common columns (UP & DOWN),Res_sublead_bjet_btagPNetB
Common columns (UP & DOWN),Res_sublead_bjet_charge
Common columns (UP & DOWN),Res_sublead_bjet_eta
Common columns (UP & DOWN),Res_sublead_bjet_genFlav
Common columns (UP & DOWN),Res_sublead_bjet_genMatched
Common columns (UP & DOWN),Res_sublead_bjet_hFlav
Common columns (UP & DOWN),Res_sublead_bjet_jet_idx
Common columns (UP & DOWN),Res_sublead_bjet_mass
Common columns (UP & DOWN),Res_sublead_bjet_phi
Common columns (UP & DOWN),Res_sublead_bjet_pt
Common columns (UP & DOWN),Res_sublead_bjet_pt_orig
Common columns (UP & DOWN),Res_sublead_bjet_rawFactor
Common columns (UP & DOWN),VBF_Cbb
Common columns (UP & DOWN),VBF_Cgg
Common columns (UP & DOWN),VBF_DeltaR_j1b1
Common columns (UP & DOWN),VBF_DeltaR_j1b2
Common columns (UP & DOWN),VBF_DeltaR_j1g1
Common columns (UP & DOWN),VBF_DeltaR_j1g2
Common columns (UP & DOWN),VBF_DeltaR_j2b1
Common columns (UP & DOWN),VBF_DeltaR_j2b2
Common columns (UP & DOWN),VBF_DeltaR_j2g1
Common columns (UP & DOWN),VBF_DeltaR_j2g2
Common columns (UP & DOWN),VBF_DeltaR_jb_min
Common columns (UP & DOWN),VBF_DeltaR_jg_min
Common columns (UP & DOWN),VBF_dijet_charge
Common columns (UP & DOWN),VBF_dijet_eta
Common columns (UP & DOWN),VBF_dijet_mass
Common columns (UP & DOWN),VBF_dijet_phi
Common columns (UP & DOWN),VBF_dijet_pt
Common columns (UP & DOWN),VBF_first_jet_PNetRegPtRawCorr
Common columns (UP & DOWN),VBF_first_jet_PNetRegPtRawCorrNeutrino
Common columns (UP & DOWN),VBF_first_jet_PNetRegPtRawRes
Common columns (UP & DOWN),VBF_first_jet_PtOverM
Common columns (UP & DOWN),VBF_first_jet_btagDeepFlav_QG
Common columns (UP & DOWN),VBF_first_jet_btagPNetB
Common columns (UP & DOWN),VBF_first_jet_btagPNetQvG
Common columns (UP & DOWN),VBF_first_jet_charge
Common columns (UP & DOWN),VBF_first_jet_eta
Common columns (UP & DOWN),VBF_first_jet_index
Common columns (UP & DOWN),VBF_first_jet_mass
Common columns (UP & DOWN),VBF_first_jet_phi
Common columns (UP & DOWN),VBF_first_jet_pt
Common columns (UP & DOWN),VBF_first_jet_pt_orig
Common columns (UP & DOWN),VBF_first_jet_rawFactor
Common columns (UP & DOWN),VBF_jet_eta_diff
Common columns (UP & DOWN),VBF_jet_eta_prod
Common columns (UP & DOWN),VBF_jet_eta_sum
Common columns (UP & DOWN),VBF_second_jet_PNetRegPtRawCorr
Common columns (UP & DOWN),VBF_second_jet_PNetRegPtRawCorrNeutrino
Common columns (UP & DOWN),VBF_second_jet_PNetRegPtRawRes
Common columns (UP & DOWN),VBF_second_jet_PtOverM
Common columns (UP & DOWN),VBF_second_jet_btagDeepFlav_QG
Common columns (UP & DOWN),VBF_second_jet_btagPNetB
Common columns (UP & DOWN),VBF_second_jet_btagPNetQvG
Common columns (UP & DOWN),VBF_second_jet_charge
Common columns (UP & DOWN),VBF_second_jet_eta
Common columns (UP & DOWN),VBF_second_jet_index
Common columns (UP & DOWN),VBF_second_jet_mass
Common columns (UP & DOWN),VBF_second_jet_phi
Common columns (UP & DOWN),VBF_second_jet_pt
Common columns (UP & DOWN),VBF_second_jet_pt_orig
Common columns (UP & DOWN),VBF_second_jet_rawFactor
Common columns (UP & DOWN),XtoYHto2B2G_MX
Common columns (UP & DOWN),XtoYHto2B2G_MY
Common columns (UP & DOWN),bTagWeight
Common columns (UP & DOWN),charge
Common columns (UP & DOWN),dZ
Common columns (UP & DOWN),eta
Common columns (UP & DOWN),event
Common columns (UP & DOWN),fatjet1_area
Common columns (UP & DOWN),fatjet1_btagDDBvLV2
Common columns (UP & DOWN),fatjet1_btagDDCvBV2
Common columns (UP & DOWN),fatjet1_btagDDCvLV2
Common columns (UP & DOWN),fatjet1_btagDeepB
Common columns (UP & DOWN),fatjet1_btagHbb
Common columns (UP & DOWN),fatjet1_eta
Common columns (UP & DOWN),fatjet1_genFlav
Common columns (UP & DOWN),fatjet1_genMatched
Common columns (UP & DOWN),fatjet1_genMatched_Hbb
Common columns (UP & DOWN),fatjet1_genjetAK8_eta
Common columns (UP & DOWN),fatjet1_genjetAK8_hadronFlavour
Common columns (UP & DOWN),fatjet1_genjetAK8_mass
Common columns (UP & DOWN),fatjet1_genjetAK8_partonFlavour
Common columns (UP & DOWN),fatjet1_genjetAK8_phi
Common columns (UP & DOWN),fatjet1_genjetAK8_pt
Common columns (UP & DOWN),fatjet1_hadronFlavour
Common columns (UP & DOWN),fatjet1_jetId
Common columns (UP & DOWN),fatjet1_mass
Common columns (UP & DOWN),fatjet1_msoftdrop
Common columns (UP & DOWN),fatjet1_n2b1
Common columns (UP & DOWN),fatjet1_n3b1
Common columns (UP & DOWN),fatjet1_nBHadrons
Common columns (UP & DOWN),fatjet1_nCHadrons
Common columns (UP & DOWN),fatjet1_nConstituents
Common columns (UP & DOWN),fatjet1_particleNetWithMass_HbbvsQCD
Common columns (UP & DOWN),fatjet1_particleNetWithMass_QCD
Common columns (UP & DOWN),fatjet1_particleNet_QCD
Common columns (UP & DOWN),fatjet1_particleNet_QCD0HF
Common columns (UP & DOWN),fatjet1_particleNet_QCD1HF
Common columns (UP & DOWN),fatjet1_particleNet_QCD2HF
Common columns (UP & DOWN),fatjet1_particleNet_XbbVsQCD
Common columns (UP & DOWN),fatjet1_particleNet_XccVsQCD
Common columns (UP & DOWN),fatjet1_particleNet_XggVsQCD
Common columns (UP & DOWN),fatjet1_particleNet_XqqVsQCD
Common columns (UP & DOWN),fatjet1_particleNet_massCorr
Common columns (UP & DOWN),fatjet1_phi
Common columns (UP & DOWN),fatjet1_pt
Common columns (UP & DOWN),fatjet1_pt_orig
Common columns (UP & DOWN),fatjet1_rawFactor
Common columns (UP & DOWN),fatjet1_subjet1_btagDeepB
Common columns (UP & DOWN),fatjet1_subjet1_eta
Common columns (UP & DOWN),fatjet1_subjet1_mass
Common columns (UP & DOWN),fatjet1_subjet1_phi
Common columns (UP & DOWN),fatjet1_subjet1_pt
Common columns (UP & DOWN),fatjet1_subjet1_rawFactor
Common columns (UP & DOWN),fatjet1_subjet2_btagDeepB
Common columns (UP & DOWN),fatjet1_subjet2_eta
Common columns (UP & DOWN),fatjet1_subjet2_mass
Common columns (UP & DOWN),fatjet1_subjet2_phi
Common columns (UP & DOWN),fatjet1_subjet2_pt
Common columns (UP & DOWN),fatjet1_subjet2_rawFactor
Common columns (UP & DOWN),fatjet1_tau1
Common columns (UP & DOWN),fatjet1_tau2
Common columns (UP & DOWN),fatjet1_tau3
Common columns (UP & DOWN),fatjet1_tau4
Common columns (UP & DOWN),fatjet2_area
Common columns (UP & DOWN),fatjet2_btagDDBvLV2
Common columns (UP & DOWN),fatjet2_btagDDCvBV2
Common columns (UP & DOWN),fatjet2_btagDDCvLV2
Common columns (UP & DOWN),fatjet2_btagDeepB
Common columns (UP & DOWN),fatjet2_btagHbb
Common columns (UP & DOWN),fatjet2_eta
Common columns (UP & DOWN),fatjet2_genFlav
Common columns (UP & DOWN),fatjet2_genMatched
Common columns (UP & DOWN),fatjet2_genMatched_Hbb
Common columns (UP & DOWN),fatjet2_genjetAK8_eta
Common columns (UP & DOWN),fatjet2_genjetAK8_hadronFlavour
Common columns (UP & DOWN),fatjet2_genjetAK8_mass
Common columns (UP & DOWN),fatjet2_genjetAK8_partonFlavour
Common columns (UP & DOWN),fatjet2_genjetAK8_phi
Common columns (UP & DOWN),fatjet2_genjetAK8_pt
Common columns (UP & DOWN),fatjet2_hadronFlavour
Common columns (UP & DOWN),fatjet2_jetId
Common columns (UP & DOWN),fatjet2_mass
Common columns (UP & DOWN),fatjet2_msoftdrop
Common columns (UP & DOWN),fatjet2_n2b1
Common columns (UP & DOWN),fatjet2_n3b1
Common columns (UP & DOWN),fatjet2_nBHadrons
Common columns (UP & DOWN),fatjet2_nCHadrons
Common columns (UP & DOWN),fatjet2_nConstituents
Common columns (UP & DOWN),fatjet2_particleNetWithMass_HbbvsQCD
Common columns (UP & DOWN),fatjet2_particleNetWithMass_QCD
Common columns (UP & DOWN),fatjet2_particleNet_QCD
Common columns (UP & DOWN),fatjet2_particleNet_QCD0HF
Common columns (UP & DOWN),fatjet2_particleNet_QCD1HF
Common columns (UP & DOWN),fatjet2_particleNet_QCD2HF
Common columns (UP & DOWN),fatjet2_particleNet_XbbVsQCD
Common columns (UP & DOWN),fatjet2_particleNet_XccVsQCD
Common columns (UP & DOWN),fatjet2_particleNet_XggVsQCD
Common columns (UP & DOWN),fatjet2_particleNet_XqqVsQCD
Common columns (UP & DOWN),fatjet2_particleNet_massCorr
Common columns (UP & DOWN),fatjet2_phi
Common columns (UP & DOWN),fatjet2_pt
Common columns (UP & DOWN),fatjet2_pt_orig
Common columns (UP & DOWN),fatjet2_rawFactor
Common columns (UP & DOWN),fatjet2_subjet1_btagDeepB
Common columns (UP & DOWN),fatjet2_subjet1_eta
Common columns (UP & DOWN),fatjet2_subjet1_mass
Common columns (UP & DOWN),fatjet2_subjet1_phi
Common columns (UP & DOWN),fatjet2_subjet1_pt
Common columns (UP & DOWN),fatjet2_subjet1_rawFactor
Common columns (UP & DOWN),fatjet2_subjet2_btagDeepB
Common columns (UP & DOWN),fatjet2_subjet2_eta
Common columns (UP & DOWN),fatjet2_subjet2_mass
Common columns (UP & DOWN),fatjet2_subjet2_phi
Common columns (UP & DOWN),fatjet2_subjet2_pt
Common columns (UP & DOWN),fatjet2_subjet2_rawFactor
Common columns (UP & DOWN),fatjet2_tau1
Common columns (UP & DOWN),fatjet2_tau2
Common columns (UP & DOWN),fatjet2_tau3
Common columns (UP & DOWN),fatjet2_tau4
Common columns (UP & DOWN),fatjet3_area
Common columns (UP & DOWN),fatjet3_btagDDBvLV2
Common columns (UP & DOWN),fatjet3_btagDDCvBV2
Common columns (UP & DOWN),fatjet3_btagDDCvLV2
Common columns (UP & DOWN),fatjet3_btagDeepB
Common columns (UP & DOWN),fatjet3_btagHbb
Common columns (UP & DOWN),fatjet3_eta
Common columns (UP & DOWN),fatjet3_genFlav
Common columns (UP & DOWN),fatjet3_genMatched
Common columns (UP & DOWN),fatjet3_genMatched_Hbb
Common columns (UP & DOWN),fatjet3_genjetAK8_eta
Common columns (UP & DOWN),fatjet3_genjetAK8_hadronFlavour
Common columns (UP & DOWN),fatjet3_genjetAK8_mass
Common columns (UP & DOWN),fatjet3_genjetAK8_partonFlavour
Common columns (UP & DOWN),fatjet3_genjetAK8_phi
Common columns (UP & DOWN),fatjet3_genjetAK8_pt
Common columns (UP & DOWN),fatjet3_hadronFlavour
Common columns (UP & DOWN),fatjet3_jetId
Common columns (UP & DOWN),fatjet3_mass
Common columns (UP & DOWN),fatjet3_msoftdrop
Common columns (UP & DOWN),fatjet3_n2b1
Common columns (UP & DOWN),fatjet3_n3b1
Common columns (UP & DOWN),fatjet3_nBHadrons
Common columns (UP & DOWN),fatjet3_nCHadrons
Common columns (UP & DOWN),fatjet3_nConstituents
Common columns (UP & DOWN),fatjet3_particleNetWithMass_HbbvsQCD
Common columns (UP & DOWN),fatjet3_particleNetWithMass_QCD
Common columns (UP & DOWN),fatjet3_particleNet_QCD
Common columns (UP & DOWN),fatjet3_particleNet_QCD0HF
Common columns (UP & DOWN),fatjet3_particleNet_QCD1HF
Common columns (UP & DOWN),fatjet3_particleNet_QCD2HF
Common columns (UP & DOWN),fatjet3_particleNet_XbbVsQCD
Common columns (UP & DOWN),fatjet3_particleNet_XccVsQCD
Common columns (UP & DOWN),fatjet3_particleNet_XggVsQCD
Common columns (UP & DOWN),fatjet3_particleNet_XqqVsQCD
Common columns (UP & DOWN),fatjet3_particleNet_massCorr
Common columns (UP & DOWN),fatjet3_phi
Common columns (UP & DOWN),fatjet3_pt
Common columns (UP & DOWN),fatjet3_pt_orig
Common columns (UP & DOWN),fatjet3_rawFactor
Common columns (UP & DOWN),fatjet3_subjet1_btagDeepB
Common columns (UP & DOWN),fatjet3_subjet1_eta
Common columns (UP & DOWN),fatjet3_subjet1_mass
Common columns (UP & DOWN),fatjet3_subjet1_phi
Common columns (UP & DOWN),fatjet3_subjet1_pt
Common columns (UP & DOWN),fatjet3_subjet1_rawFactor
Common columns (UP & DOWN),fatjet3_subjet2_btagDeepB
Common columns (UP & DOWN),fatjet3_subjet2_eta
Common columns (UP & DOWN),fatjet3_subjet2_mass
Common columns (UP & DOWN),fatjet3_subjet2_phi
Common columns (UP & DOWN),fatjet3_subjet2_pt
Common columns (UP & DOWN),fatjet3_subjet2_rawFactor
Common columns (UP & DOWN),fatjet3_tau1
Common columns (UP & DOWN),fatjet3_tau2
Common columns (UP & DOWN),fatjet3_tau3
Common columns (UP & DOWN),fatjet3_tau4
Common columns (UP & DOWN),fatjet4_area
Common columns (UP & DOWN),fatjet4_btagDDBvLV2
Common columns (UP & DOWN),fatjet4_btagDDCvBV2
Common columns (UP & DOWN),fatjet4_btagDDCvLV2
Common columns (UP & DOWN),fatjet4_btagDeepB
Common columns (UP & DOWN),fatjet4_btagHbb
Common columns (UP & DOWN),fatjet4_eta
Common columns (UP & DOWN),fatjet4_genFlav
Common columns (UP & DOWN),fatjet4_genMatched
Common columns (UP & DOWN),fatjet4_genMatched_Hbb
Common columns (UP & DOWN),fatjet4_genjetAK8_eta
Common columns (UP & DOWN),fatjet4_genjetAK8_hadronFlavour
Common columns (UP & DOWN),fatjet4_genjetAK8_mass
Common columns (UP & DOWN),fatjet4_genjetAK8_partonFlavour
Common columns (UP & DOWN),fatjet4_genjetAK8_phi
Common columns (UP & DOWN),fatjet4_genjetAK8_pt
Common columns (UP & DOWN),fatjet4_hadronFlavour
Common columns (UP & DOWN),fatjet4_jetId
Common columns (UP & DOWN),fatjet4_mass
Common columns (UP & DOWN),fatjet4_msoftdrop
Common columns (UP & DOWN),fatjet4_n2b1
Common columns (UP & DOWN),fatjet4_n3b1
Common columns (UP & DOWN),fatjet4_nBHadrons
Common columns (UP & DOWN),fatjet4_nCHadrons
Common columns (UP & DOWN),fatjet4_nConstituents
Common columns (UP & DOWN),fatjet4_particleNetWithMass_HbbvsQCD
Common columns (UP & DOWN),fatjet4_particleNetWithMass_QCD
Common columns (UP & DOWN),fatjet4_particleNet_QCD
Common columns (UP & DOWN),fatjet4_particleNet_QCD0HF
Common columns (UP & DOWN),fatjet4_particleNet_QCD1HF
Common columns (UP & DOWN),fatjet4_particleNet_QCD2HF
Common columns (UP & DOWN),fatjet4_particleNet_XbbVsQCD
Common columns (UP & DOWN),fatjet4_particleNet_XccVsQCD
Common columns (UP & DOWN),fatjet4_particleNet_XggVsQCD
Common columns (UP & DOWN),fatjet4_particleNet_XqqVsQCD
Common columns (UP & DOWN),fatjet4_particleNet_massCorr
Common columns (UP & DOWN),fatjet4_phi
Common columns (UP & DOWN),fatjet4_pt
Common columns (UP & DOWN),fatjet4_pt_orig
Common columns (UP & DOWN),fatjet4_rawFactor
Common columns (UP & DOWN),fatjet4_subjet1_btagDeepB
Common columns (UP & DOWN),fatjet4_subjet1_eta
Common columns (UP & DOWN),fatjet4_subjet1_mass
Common columns (UP & DOWN),fatjet4_subjet1_phi
Common columns (UP & DOWN),fatjet4_subjet1_pt
Common columns (UP & DOWN),fatjet4_subjet1_rawFactor
Common columns (UP & DOWN),fatjet4_subjet2_btagDeepB
Common columns (UP & DOWN),fatjet4_subjet2_eta
Common columns (UP & DOWN),fatjet4_subjet2_mass
Common columns (UP & DOWN),fatjet4_subjet2_phi
Common columns (UP & DOWN),fatjet4_subjet2_pt
Common columns (UP & DOWN),fatjet4_subjet2_rawFactor
Common columns (UP & DOWN),fatjet4_tau1
Common columns (UP & DOWN),fatjet4_tau2
Common columns (UP & DOWN),fatjet4_tau3
Common columns (UP & DOWN),fatjet4_tau4
Common columns (UP & DOWN),fiducialClassicalFlag
Common columns (UP & DOWN),fiducialGeometricFlag
Common columns (UP & DOWN),fixedGridRhoAll
Common columns (UP & DOWN),genHiggs_toGG_eta
Common columns (UP & DOWN),genHiggs_toGG_mass
Common columns (UP & DOWN),genHiggs_toGG_phi
Common columns (UP & DOWN),genHiggs_toGG_pt
Common columns (UP & DOWN),genHiggs_tobb_eta
Common columns (UP & DOWN),genHiggs_tobb_mass
Common columns (UP & DOWN),genHiggs_tobb_phi
Common columns (UP & DOWN),genHiggs_tobb_pt
Common columns (UP & DOWN),genWeight
Common columns (UP & DOWN),gen_CosThetaStar_HH
Common columns (UP & DOWN),gen_mHH
Common columns (UP & DOWN),gen_pT_HH
Common columns (UP & DOWN),is_Res
Common columns (UP & DOWN),is_Res_DNNpair
Common columns (UP & DOWN),is_nonRes
Common columns (UP & DOWN),is_nonResReg
Common columns (UP & DOWN),is_nonResReg_DNNpair
Common columns (UP & DOWN),jet10_PNetRegPtRawCorr
Common columns (UP & DOWN),jet10_PNetRegPtRawCorrNeutrino
Common columns (UP & DOWN),jet10_PNetRegPtRawRes
Common columns (UP & DOWN),jet10_btagDeepFlav_B
Common columns (UP & DOWN),jet10_btagDeepFlav_CvB
Common columns (UP & DOWN),jet10_btagDeepFlav_CvL
Common columns (UP & DOWN),jet10_btagDeepFlav_QG
Common columns (UP & DOWN),jet10_btagPNetB
Common columns (UP & DOWN),jet10_btagPNetQvG
Common columns (UP & DOWN),jet10_btagRobustParTAK4B
Common columns (UP & DOWN),jet10_btagRobustParTAK4QG
Common columns (UP & DOWN),jet10_chEmEF
Common columns (UP & DOWN),jet10_charge
Common columns (UP & DOWN),jet10_eta
Common columns (UP & DOWN),jet10_genFlav
Common columns (UP & DOWN),jet10_genMatched
Common columns (UP & DOWN),jet10_hFlav
Common columns (UP & DOWN),jet10_index
Common columns (UP & DOWN),jet10_jetId
Common columns (UP & DOWN),jet10_mass
Common columns (UP & DOWN),jet10_muEF
Common columns (UP & DOWN),jet10_neEmEF
Common columns (UP & DOWN),jet10_neHEF
Common columns (UP & DOWN),jet10_phi
Common columns (UP & DOWN),jet10_pt
Common columns (UP & DOWN),jet10_pt_orig
Common columns (UP & DOWN),jet10_rawFactor
Common columns (UP & DOWN),jet1_PNetRegPtRawCorr
Common columns (UP & DOWN),jet1_PNetRegPtRawCorrNeutrino
Common columns (UP & DOWN),jet1_PNetRegPtRawRes
Common columns (UP & DOWN),jet1_btagDeepFlav_B
Common columns (UP & DOWN),jet1_btagDeepFlav_CvB
Common columns (UP & DOWN),jet1_btagDeepFlav_CvL
Common columns (UP & DOWN),jet1_btagDeepFlav_QG
Common columns (UP & DOWN),jet1_btagPNetB
Common columns (UP & DOWN),jet1_btagPNetQvG
Common columns (UP & DOWN),jet1_btagRobustParTAK4B
Common columns (UP & DOWN),jet1_btagRobustParTAK4QG
Common columns (UP & DOWN),jet1_chEmEF
Common columns (UP & DOWN),jet1_charge
Common columns (UP & DOWN),jet1_eta
Common columns (UP & DOWN),jet1_genFlav
Common columns (UP & DOWN),jet1_genMatched
Common columns (UP & DOWN),jet1_hFlav
Common columns (UP & DOWN),jet1_index
Common columns (UP & DOWN),jet1_jetId
Common columns (UP & DOWN),jet1_mass
Common columns (UP & DOWN),jet1_muEF
Common columns (UP & DOWN),jet1_neEmEF
Common columns (UP & DOWN),jet1_neHEF
Common columns (UP & DOWN),jet1_phi
Common columns (UP & DOWN),jet1_pt
Common columns (UP & DOWN),jet1_pt_orig
Common columns (UP & DOWN),jet1_rawFactor
Common columns (UP & DOWN),jet2_PNetRegPtRawCorr
Common columns (UP & DOWN),jet2_PNetRegPtRawCorrNeutrino
Common columns (UP & DOWN),jet2_PNetRegPtRawRes
Common columns (UP & DOWN),jet2_btagDeepFlav_B
Common columns (UP & DOWN),jet2_btagDeepFlav_CvB
Common columns (UP & DOWN),jet2_btagDeepFlav_CvL
Common columns (UP & DOWN),jet2_btagDeepFlav_QG
Common columns (UP & DOWN),jet2_btagPNetB
Common columns (UP & DOWN),jet2_btagPNetQvG
Common columns (UP & DOWN),jet2_btagRobustParTAK4B
Common columns (UP & DOWN),jet2_btagRobustParTAK4QG
Common columns (UP & DOWN),jet2_chEmEF
Common columns (UP & DOWN),jet2_charge
Common columns (UP & DOWN),jet2_eta
Common columns (UP & DOWN),jet2_genFlav
Common columns (UP & DOWN),jet2_genMatched
Common columns (UP & DOWN),jet2_hFlav
Common columns (UP & DOWN),jet2_index
Common columns (UP & DOWN),jet2_jetId
Common columns (UP & DOWN),jet2_mass
Common columns (UP & DOWN),jet2_muEF
Common columns (UP & DOWN),jet2_neEmEF
Common columns (UP & DOWN),jet2_neHEF
Common columns (UP & DOWN),jet2_phi
Common columns (UP & DOWN),jet2_pt
Common columns (UP & DOWN),jet2_pt_orig
Common columns (UP & DOWN),jet2_rawFactor
Common columns (UP & DOWN),jet3_PNetRegPtRawCorr
Common columns (UP & DOWN),jet3_PNetRegPtRawCorrNeutrino
Common columns (UP & DOWN),jet3_PNetRegPtRawRes
Common columns (UP & DOWN),jet3_btagDeepFlav_B
Common columns (UP & DOWN),jet3_btagDeepFlav_CvB
Common columns (UP & DOWN),jet3_btagDeepFlav_CvL
Common columns (UP & DOWN),jet3_btagDeepFlav_QG
Common columns (UP & DOWN),jet3_btagPNetB
Common columns (UP & DOWN),jet3_btagPNetQvG
Common columns (UP & DOWN),jet3_btagRobustParTAK4B
Common columns (UP & DOWN),jet3_btagRobustParTAK4QG
Common columns (UP & DOWN),jet3_chEmEF
Common columns (UP & DOWN),jet3_charge
Common columns (UP & DOWN),jet3_eta
Common columns (UP & DOWN),jet3_genFlav
Common columns (UP & DOWN),jet3_genMatched
Common columns (UP & DOWN),jet3_hFlav
Common columns (UP & DOWN),jet3_index
Common columns (UP & DOWN),jet3_jetId
Common columns (UP & DOWN),jet3_mass
Common columns (UP & DOWN),jet3_muEF
Common columns (UP & DOWN),jet3_neEmEF
Common columns (UP & DOWN),jet3_neHEF
Common columns (UP & DOWN),jet3_phi
Common columns (UP & DOWN),jet3_pt
Common columns (UP & DOWN),jet3_pt_orig
Common columns (UP & DOWN),jet3_rawFactor
Common columns (UP & DOWN),jet4_PNetRegPtRawCorr
Common columns (UP & DOWN),jet4_PNetRegPtRawCorrNeutrino
Common columns (UP & DOWN),jet4_PNetRegPtRawRes
Common columns (UP & DOWN),jet4_btagDeepFlav_B
Common columns (UP & DOWN),jet4_btagDeepFlav_CvB
Common columns (UP & DOWN),jet4_btagDeepFlav_CvL
Common columns (UP & DOWN),jet4_btagDeepFlav_QG
Common columns (UP & DOWN),jet4_btagPNetB
Common columns (UP & DOWN),jet4_btagPNetQvG
Common columns (UP & DOWN),jet4_btagRobustParTAK4B
Common columns (UP & DOWN),jet4_btagRobustParTAK4QG
Common columns (UP & DOWN),jet4_chEmEF
Common columns (UP & DOWN),jet4_charge
Common columns (UP & DOWN),jet4_eta
Common columns (UP & DOWN),jet4_genFlav
Common columns (UP & DOWN),jet4_genMatched
Common columns (UP & DOWN),jet4_hFlav
Common columns (UP & DOWN),jet4_index
Common columns (UP & DOWN),jet4_jetId
Common columns (UP & DOWN),jet4_mass
Common columns (UP & DOWN),jet4_muEF
Common columns (UP & DOWN),jet4_neEmEF
Common columns (UP & DOWN),jet4_neHEF
Common columns (UP & DOWN),jet4_phi
Common columns (UP & DOWN),jet4_pt
Common columns (UP & DOWN),jet4_pt_orig
Common columns (UP & DOWN),jet4_rawFactor
Common columns (UP & DOWN),jet5_PNetRegPtRawCorr
Common columns (UP & DOWN),jet5_PNetRegPtRawCorrNeutrino
Common columns (UP & DOWN),jet5_PNetRegPtRawRes
Common columns (UP & DOWN),jet5_btagDeepFlav_B
Common columns (UP & DOWN),jet5_btagDeepFlav_CvB
Common columns (UP & DOWN),jet5_btagDeepFlav_CvL
Common columns (UP & DOWN),jet5_btagDeepFlav_QG
Common columns (UP & DOWN),jet5_btagPNetB
Common columns (UP & DOWN),jet5_btagPNetQvG
Common columns (UP & DOWN),jet5_btagRobustParTAK4B
Common columns (UP & DOWN),jet5_btagRobustParTAK4QG
Common columns (UP & DOWN),jet5_chEmEF
Common columns (UP & DOWN),jet5_charge
Common columns (UP & DOWN),jet5_eta
Common columns (UP & DOWN),jet5_genFlav
Common columns (UP & DOWN),jet5_genMatched
Common columns (UP & DOWN),jet5_hFlav
Common columns (UP & DOWN),jet5_index
Common columns (UP & DOWN),jet5_jetId
Common columns (UP & DOWN),jet5_mass
Common columns (UP & DOWN),jet5_muEF
Common columns (UP & DOWN),jet5_neEmEF
Common columns (UP & DOWN),jet5_neHEF
Common columns (UP & DOWN),jet5_phi
Common columns (UP & DOWN),jet5_pt
Common columns (UP & DOWN),jet5_pt_orig
Common columns (UP & DOWN),jet5_rawFactor
Common columns (UP & DOWN),jet6_PNetRegPtRawCorr
Common columns (UP & DOWN),jet6_PNetRegPtRawCorrNeutrino
Common columns (UP & DOWN),jet6_PNetRegPtRawRes
Common columns (UP & DOWN),jet6_btagDeepFlav_B
Common columns (UP & DOWN),jet6_btagDeepFlav_CvB
Common columns (UP & DOWN),jet6_btagDeepFlav_CvL
Common columns (UP & DOWN),jet6_btagDeepFlav_QG
Common columns (UP & DOWN),jet6_btagPNetB
Common columns (UP & DOWN),jet6_btagPNetQvG
Common columns (UP & DOWN),jet6_btagRobustParTAK4B
Common columns (UP & DOWN),jet6_btagRobustParTAK4QG
Common columns (UP & DOWN),jet6_chEmEF
Common columns (UP & DOWN),jet6_charge
Common columns (UP & DOWN),jet6_eta
Common columns (UP & DOWN),jet6_genFlav
Common columns (UP & DOWN),jet6_genMatched
Common columns (UP & DOWN),jet6_hFlav
Common columns (UP & DOWN),jet6_index
Common columns (UP & DOWN),jet6_jetId
Common columns (UP & DOWN),jet6_mass
Common columns (UP & DOWN),jet6_muEF
Common columns (UP & DOWN),jet6_neEmEF
Common columns (UP & DOWN),jet6_neHEF
Common columns (UP & DOWN),jet6_phi
Common columns (UP & DOWN),jet6_pt
Common columns (UP & DOWN),jet6_pt_orig
Common columns (UP & DOWN),jet6_rawFactor
Common columns (UP & DOWN),jet7_PNetRegPtRawCorr
Common columns (UP & DOWN),jet7_PNetRegPtRawCorrNeutrino
Common columns (UP & DOWN),jet7_PNetRegPtRawRes
Common columns (UP & DOWN),jet7_btagDeepFlav_B
Common columns (UP & DOWN),jet7_btagDeepFlav_CvB
Common columns (UP & DOWN),jet7_btagDeepFlav_CvL
Common columns (UP & DOWN),jet7_btagDeepFlav_QG
Common columns (UP & DOWN),jet7_btagPNetB
Common columns (UP & DOWN),jet7_btagPNetQvG
Common columns (UP & DOWN),jet7_btagRobustParTAK4B
Common columns (UP & DOWN),jet7_btagRobustParTAK4QG
Common columns (UP & DOWN),jet7_chEmEF
Common columns (UP & DOWN),jet7_charge
Common columns (UP & DOWN),jet7_eta
Common columns (UP & DOWN),jet7_genFlav
Common columns (UP & DOWN),jet7_genMatched
Common columns (UP & DOWN),jet7_hFlav
Common columns (UP & DOWN),jet7_index
Common columns (UP & DOWN),jet7_jetId
Common columns (UP & DOWN),jet7_mass
Common columns (UP & DOWN),jet7_muEF
Common columns (UP & DOWN),jet7_neEmEF
Common columns (UP & DOWN),jet7_neHEF
Common columns (UP & DOWN),jet7_phi
Common columns (UP & DOWN),jet7_pt
Common columns (UP & DOWN),jet7_pt_orig
Common columns (UP & DOWN),jet7_rawFactor
Common columns (UP & DOWN),jet8_PNetRegPtRawCorr
Common columns (UP & DOWN),jet8_PNetRegPtRawCorrNeutrino
Common columns (UP & DOWN),jet8_PNetRegPtRawRes
Common columns (UP & DOWN),jet8_btagDeepFlav_B
Common columns (UP & DOWN),jet8_btagDeepFlav_CvB
Common columns (UP & DOWN),jet8_btagDeepFlav_CvL
Common columns (UP & DOWN),jet8_btagDeepFlav_QG
Common columns (UP & DOWN),jet8_btagPNetB
Common columns (UP & DOWN),jet8_btagPNetQvG
Common columns (UP & DOWN),jet8_btagRobustParTAK4B
Common columns (UP & DOWN),jet8_btagRobustParTAK4QG
Common columns (UP & DOWN),jet8_chEmEF
Common columns (UP & DOWN),jet8_charge
Common columns (UP & DOWN),jet8_eta
Common columns (UP & DOWN),jet8_genFlav
Common columns (UP & DOWN),jet8_genMatched
Common columns (UP & DOWN),jet8_hFlav
Common columns (UP & DOWN),jet8_index
Common columns (UP & DOWN),jet8_jetId
Common columns (UP & DOWN),jet8_mass
Common columns (UP & DOWN),jet8_muEF
Common columns (UP & DOWN),jet8_neEmEF
Common columns (UP & DOWN),jet8_neHEF
Common columns (UP & DOWN),jet8_phi
Common columns (UP & DOWN),jet8_pt
Common columns (UP & DOWN),jet8_pt_orig
Common columns (UP & DOWN),jet8_rawFactor
Common columns (UP & DOWN),jet9_PNetRegPtRawCorr
Common columns (UP & DOWN),jet9_PNetRegPtRawCorrNeutrino
Common columns (UP & DOWN),jet9_PNetRegPtRawRes
Common columns (UP & DOWN),jet9_btagDeepFlav_B
Common columns (UP & DOWN),jet9_btagDeepFlav_CvB
Common columns (UP & DOWN),jet9_btagDeepFlav_CvL
Common columns (UP & DOWN),jet9_btagDeepFlav_QG
Common columns (UP & DOWN),jet9_btagPNetB
Common columns (UP & DOWN),jet9_btagPNetQvG
Common columns (UP & DOWN),jet9_btagRobustParTAK4B
Common columns (UP & DOWN),jet9_btagRobustParTAK4QG
Common columns (UP & DOWN),jet9_chEmEF
Common columns (UP & DOWN),jet9_charge
Common columns (UP & DOWN),jet9_eta
Common columns (UP & DOWN),jet9_genFlav
Common columns (UP & DOWN),jet9_genMatched
Common columns (UP & DOWN),jet9_hFlav
Common columns (UP & DOWN),jet9_index
Common columns (UP & DOWN),jet9_jetId
Common columns (UP & DOWN),jet9_mass
Common columns (UP & DOWN),jet9_muEF
Common columns (UP & DOWN),jet9_neEmEF
Common columns (UP & DOWN),jet9_neHEF
Common columns (UP & DOWN),jet9_phi
Common columns (UP & DOWN),jet9_pt
Common columns (UP & DOWN),jet9_pt_orig
Common columns (UP & DOWN),jet9_rawFactor
Common columns (UP & DOWN),lead_ScEta
Common columns (UP & DOWN),lead_charge
Common columns (UP & DOWN),lead_cutBased
Common columns (UP & DOWN),lead_ecalPFClusterIso
Common columns (UP & DOWN),lead_electronIdx
Common columns (UP & DOWN),lead_electronIdxG
Common columns (UP & DOWN),lead_electronVeto
Common columns (UP & DOWN),lead_energyErr
Common columns (UP & DOWN),lead_energyRaw
Common columns (UP & DOWN),lead_esEffSigmaRR
Common columns (UP & DOWN),lead_esEnergyOverRawE
Common columns (UP & DOWN),lead_eta
Common columns (UP & DOWN),lead_etaWidth
Common columns (UP & DOWN),lead_genPartFlav
Common columns (UP & DOWN),lead_genPartIdx
Common columns (UP & DOWN),lead_genPartIdxG
Common columns (UP & DOWN),lead_haloTaggerMVAVal
Common columns (UP & DOWN),lead_hasConversionTracks
Common columns (UP & DOWN),lead_hcalPFClusterIso
Common columns (UP & DOWN),lead_hoe
Common columns (UP & DOWN),lead_hoe_PUcorr
Common columns (UP & DOWN),lead_isScEtaEB
Common columns (UP & DOWN),lead_isScEtaEE
Common columns (UP & DOWN),lead_jetIdx
Common columns (UP & DOWN),lead_jetIdxG
Common columns (UP & DOWN),lead_mass
Common columns (UP & DOWN),lead_mvaID
Common columns (UP & DOWN),lead_mvaID_WP80
Common columns (UP & DOWN),lead_mvaID_WP90
Common columns (UP & DOWN),lead_pfChargedIso
Common columns (UP & DOWN),lead_pfChargedIsoPFPV
Common columns (UP & DOWN),lead_pfChargedIsoWorstVtx
Common columns (UP & DOWN),lead_pfPhoIso03
Common columns (UP & DOWN),lead_pfRelIso03_all_quadratic
Common columns (UP & DOWN),lead_pfRelIso03_chg_quadratic
Common columns (UP & DOWN),lead_phi
Common columns (UP & DOWN),lead_phiWidth
Common columns (UP & DOWN),lead_pixelSeed
Common columns (UP & DOWN),lead_pt
Common columns (UP & DOWN),lead_pt_raw
Common columns (UP & DOWN),lead_r9
Common columns (UP & DOWN),lead_rho_smear
Common columns (UP & DOWN),lead_s4
Common columns (UP & DOWN),lead_seedGain
Common columns (UP & DOWN),lead_seediEtaOriX
Common columns (UP & DOWN),lead_seediPhiOriY
Common columns (UP & DOWN),lead_sieie
Common columns (UP & DOWN),lead_sieip
Common columns (UP & DOWN),lead_sipip
Common columns (UP & DOWN),lead_trkSumPtHollowConeDR03
Common columns (UP & DOWN),lead_trkSumPtSolidConeDR04
Common columns (UP & DOWN),lead_vetoEELeak
Common columns (UP & DOWN),lead_vidNestedWPBitmap
Common columns (UP & DOWN),lead_x_calo
Common columns (UP & DOWN),lead_y_calo
Common columns (UP & DOWN),lead_z_calo
Common columns (UP & DOWN),lepton1_charge
Common columns (UP & DOWN),lepton1_dxy
Common columns (UP & DOWN),lepton1_dz
Common columns (UP & DOWN),lepton1_eta
Common columns (UP & DOWN),lepton1_genMatched
Common columns (UP & DOWN),lepton1_generation
Common columns (UP & DOWN),lepton1_mass
Common columns (UP & DOWN),lepton1_mvaID
Common columns (UP & DOWN),lepton1_pfIsoId
Common columns (UP & DOWN),lepton1_pfRelIso03_all
Common columns (UP & DOWN),lepton1_pfRelIso04_all
Common columns (UP & DOWN),lepton1_phi
Common columns (UP & DOWN),lepton1_pt
Common columns (UP & DOWN),lepton2_charge
Common columns (UP & DOWN),lepton2_dxy
Common columns (UP & DOWN),lepton2_dz
Common columns (UP & DOWN),lepton2_eta
Common columns (UP & DOWN),lepton2_genMatched
Common columns (UP & DOWN),lepton2_generation
Common columns (UP & DOWN),lepton2_mass
Common columns (UP & DOWN),lepton2_mvaID
Common columns (UP & DOWN),lepton2_pfIsoId
Common columns (UP & DOWN),lepton2_pfRelIso03_all
Common columns (UP & DOWN),lepton2_pfRelIso04_all
Common columns (UP & DOWN),lepton2_phi
Common columns (UP & DOWN),lepton2_pt
Common columns (UP & DOWN),lepton3_charge
Common columns (UP & DOWN),lepton3_dxy
Common columns (UP & DOWN),lepton3_dz
Common columns (UP & DOWN),lepton3_eta
Common columns (UP & DOWN),lepton3_genMatched
Common columns (UP & DOWN),lepton3_generation
Common columns (UP & DOWN),lepton3_mass
Common columns (UP & DOWN),lepton3_mvaID
Common columns (UP & DOWN),lepton3_pfIsoId
Common columns (UP & DOWN),lepton3_pfRelIso03_all
Common columns (UP & DOWN),lepton3_pfRelIso04_all
Common columns (UP & DOWN),lepton3_phi
Common columns (UP & DOWN),lepton3_pt
Common columns (UP & DOWN),lepton4_charge
Common columns (UP & DOWN),lepton4_dxy
Common columns (UP & DOWN),lepton4_dz
Common columns (UP & DOWN),lepton4_eta
Common columns (UP & DOWN),lepton4_genMatched
Common columns (UP & DOWN),lepton4_generation
Common columns (UP & DOWN),lepton4_mass
Common columns (UP & DOWN),lepton4_mvaID
Common columns (UP & DOWN),lepton4_pfIsoId
Common columns (UP & DOWN),lepton4_pfRelIso03_all
Common columns (UP & DOWN),lepton4_pfRelIso04_all
Common columns (UP & DOWN),lepton4_phi
Common columns (UP & DOWN),lepton4_pt
Common columns (UP & DOWN),lumi
Common columns (UP & DOWN),mass
Common columns (UP & DOWN),nBLoose
Common columns (UP & DOWN),nBMedium
Common columns (UP & DOWN),nBTight
Common columns (UP & DOWN),nBXTight
Common columns (UP & DOWN),nBXXTight
Common columns (UP & DOWN),nPV
Common columns (UP & DOWN),n_electrons
Common columns (UP & DOWN),n_electrons_after_dxy_dz_cuts
Common columns (UP & DOWN),n_fatjets
Common columns (UP & DOWN),n_jets
Common columns (UP & DOWN),n_leptons
Common columns (UP & DOWN),n_muons
Common columns (UP & DOWN),n_muons_after_dxy_dz_cuts
Common columns (UP & DOWN),nonResReg_CosThetaStar_CS
Common columns (UP & DOWN),nonResReg_CosThetaStar_gg
Common columns (UP & DOWN),nonResReg_CosThetaStar_jj
Common columns (UP & DOWN),nonResReg_DNNpair_CosThetaStar_CS
Common columns (UP & DOWN),nonResReg_DNNpair_CosThetaStar_gg
Common columns (UP & DOWN),nonResReg_DNNpair_CosThetaStar_jj
Common columns (UP & DOWN),nonResReg_DNNpair_DeltaPhi_j1MET
Common columns (UP & DOWN),nonResReg_DNNpair_DeltaPhi_j2MET
Common columns (UP & DOWN),nonResReg_DNNpair_DeltaR_j1g1
Common columns (UP & DOWN),nonResReg_DNNpair_DeltaR_j1g2
Common columns (UP & DOWN),nonResReg_DNNpair_DeltaR_j2g1
Common columns (UP & DOWN),nonResReg_DNNpair_DeltaR_j2g2
Common columns (UP & DOWN),nonResReg_DNNpair_DeltaR_jg_min
Common columns (UP & DOWN),nonResReg_DNNpair_FirstJet_PtOverM
Common columns (UP & DOWN),nonResReg_DNNpair_HHbbggCandidate_eta
Common columns (UP & DOWN),nonResReg_DNNpair_HHbbggCandidate_mass
Common columns (UP & DOWN),nonResReg_DNNpair_HHbbggCandidate_phi
Common columns (UP & DOWN),nonResReg_DNNpair_HHbbggCandidate_pt
Common columns (UP & DOWN),nonResReg_DNNpair_Higgs_toGG_genMatched
Common columns (UP & DOWN),nonResReg_DNNpair_Higgs_tobb_genMatched
Common columns (UP & DOWN),nonResReg_DNNpair_MET_phiPNetCorr
Common columns (UP & DOWN),nonResReg_DNNpair_MET_ptPNetCorr
Common columns (UP & DOWN),nonResReg_DNNpair_M_X
Common columns (UP & DOWN),nonResReg_DNNpair_SecondJet_PtOverM
Common columns (UP & DOWN),nonResReg_DNNpair_chi_t0
Common columns (UP & DOWN),nonResReg_DNNpair_chi_t1
Common columns (UP & DOWN),nonResReg_DNNpair_dijet_DNNpair_Score
Common columns (UP & DOWN),nonResReg_DNNpair_dijet_charge
Common columns (UP & DOWN),nonResReg_DNNpair_dijet_eta
Common columns (UP & DOWN),nonResReg_DNNpair_dijet_mass
Common columns (UP & DOWN),nonResReg_DNNpair_dijet_mass_DNNreg
Common columns (UP & DOWN),nonResReg_DNNpair_dijet_phi
Common columns (UP & DOWN),nonResReg_DNNpair_dijet_pt
Common columns (UP & DOWN),nonResReg_DNNpair_has_atleast_one_fatjet
Common columns (UP & DOWN),nonResReg_DNNpair_has_two_btagged_jets
Common columns (UP & DOWN),nonResReg_DNNpair_lead_bjet_PNetRegPtRawCorr
Common columns (UP & DOWN),nonResReg_DNNpair_lead_bjet_PNetRegPtRawCorrNeutrino
Common columns (UP & DOWN),nonResReg_DNNpair_lead_bjet_PNetRegPtRawRes
Common columns (UP & DOWN),nonResReg_DNNpair_lead_bjet_btagPNetB
Common columns (UP & DOWN),nonResReg_DNNpair_lead_bjet_charge
Common columns (UP & DOWN),nonResReg_DNNpair_lead_bjet_eta
Common columns (UP & DOWN),nonResReg_DNNpair_lead_bjet_genFlav
Common columns (UP & DOWN),nonResReg_DNNpair_lead_bjet_genMatched
Common columns (UP & DOWN),nonResReg_DNNpair_lead_bjet_hFlav
Common columns (UP & DOWN),nonResReg_DNNpair_lead_bjet_jet_idx
Common columns (UP & DOWN),nonResReg_DNNpair_lead_bjet_mass
Common columns (UP & DOWN),nonResReg_DNNpair_lead_bjet_phi
Common columns (UP & DOWN),nonResReg_DNNpair_lead_bjet_pt
Common columns (UP & DOWN),nonResReg_DNNpair_lead_bjet_pt_orig
Common columns (UP & DOWN),nonResReg_DNNpair_lead_bjet_rawFactor
Common columns (UP & DOWN),nonResReg_DNNpair_pholead_PtOverM
Common columns (UP & DOWN),nonResReg_DNNpair_phosublead_PtOverM
Common columns (UP & DOWN),nonResReg_DNNpair_sublead_bjet_PNetRegPtRawCorr
Common columns (UP & DOWN),nonResReg_DNNpair_sublead_bjet_PNetRegPtRawCorrNeutrino
Common columns (UP & DOWN),nonResReg_DNNpair_sublead_bjet_PNetRegPtRawRes
Common columns (UP & DOWN),nonResReg_DNNpair_sublead_bjet_btagPNetB
Common columns (UP & DOWN),nonResReg_DNNpair_sublead_bjet_charge
Common columns (UP & DOWN),nonResReg_DNNpair_sublead_bjet_eta
Common columns (UP & DOWN),nonResReg_DNNpair_sublead_bjet_genFlav
Common columns (UP & DOWN),nonResReg_DNNpair_sublead_bjet_genMatched
Common columns (UP & DOWN),nonResReg_DNNpair_sublead_bjet_hFlav
Common columns (UP & DOWN),nonResReg_DNNpair_sublead_bjet_jet_idx
Common columns (UP & DOWN),nonResReg_DNNpair_sublead_bjet_mass
Common columns (UP & DOWN),nonResReg_DNNpair_sublead_bjet_phi
Common columns (UP & DOWN),nonResReg_DNNpair_sublead_bjet_pt
Common columns (UP & DOWN),nonResReg_DNNpair_sublead_bjet_pt_orig
Common columns (UP & DOWN),nonResReg_DNNpair_sublead_bjet_rawFactor
Common columns (UP & DOWN),nonResReg_DeltaPhi_j1MET
Common columns (UP & DOWN),nonResReg_DeltaPhi_j2MET
Common columns (UP & DOWN),nonResReg_DeltaR_j1g1
Common columns (UP & DOWN),nonResReg_DeltaR_j1g2
Common columns (UP & DOWN),nonResReg_DeltaR_j2g1
Common columns (UP & DOWN),nonResReg_DeltaR_j2g2
Common columns (UP & DOWN),nonResReg_DeltaR_jg_min
Common columns (UP & DOWN),nonResReg_FirstJet_PtOverM
Common columns (UP & DOWN),nonResReg_HHbbggCandidate_eta
Common columns (UP & DOWN),nonResReg_HHbbggCandidate_mass
Common columns (UP & DOWN),nonResReg_HHbbggCandidate_phi
Common columns (UP & DOWN),nonResReg_HHbbggCandidate_pt
Common columns (UP & DOWN),nonResReg_Higgs_toGG_genMatched
Common columns (UP & DOWN),nonResReg_Higgs_tobb_genMatched
Common columns (UP & DOWN),nonResReg_MET_phiPNetCorr
Common columns (UP & DOWN),nonResReg_MET_ptPNetCorr
Common columns (UP & DOWN),nonResReg_M_X
Common columns (UP & DOWN),nonResReg_SecondJet_PtOverM
Common columns (UP & DOWN),nonResReg_chi_t0
Common columns (UP & DOWN),nonResReg_chi_t1
Common columns (UP & DOWN),nonResReg_dijet_charge
Common columns (UP & DOWN),nonResReg_dijet_eta
Common columns (UP & DOWN),nonResReg_dijet_mass
Common columns (UP & DOWN),nonResReg_dijet_mass_DNNreg
Common columns (UP & DOWN),nonResReg_dijet_phi
Common columns (UP & DOWN),nonResReg_dijet_pt
Common columns (UP & DOWN),nonResReg_has_atleast_one_fatjet
Common columns (UP & DOWN),nonResReg_has_two_btagged_jets
Common columns (UP & DOWN),nonResReg_lead_bjet_PNetRegPtRawCorr
Common columns (UP & DOWN),nonResReg_lead_bjet_PNetRegPtRawCorrNeutrino
Common columns (UP & DOWN),nonResReg_lead_bjet_PNetRegPtRawRes
Common columns (UP & DOWN),nonResReg_lead_bjet_btagPNetB
Common columns (UP & DOWN),nonResReg_lead_bjet_charge
Common columns (UP & DOWN),nonResReg_lead_bjet_eta
Common columns (UP & DOWN),nonResReg_lead_bjet_genFlav
Common columns (UP & DOWN),nonResReg_lead_bjet_genMatched
Common columns (UP & DOWN),nonResReg_lead_bjet_hFlav
Common columns (UP & DOWN),nonResReg_lead_bjet_jet_idx
Common columns (UP & DOWN),nonResReg_lead_bjet_mass
Common columns (UP & DOWN),nonResReg_lead_bjet_phi
Common columns (UP & DOWN),nonResReg_lead_bjet_pt
Common columns (UP & DOWN),nonResReg_lead_bjet_pt_orig
Common columns (UP & DOWN),nonResReg_lead_bjet_rawFactor
Common columns (UP & DOWN),nonResReg_pholead_PtOverM
Common columns (UP & DOWN),nonResReg_phosublead_PtOverM
Common columns (UP & DOWN),nonResReg_sublead_bjet_PNetRegPtRawCorr
Common columns (UP & DOWN),nonResReg_sublead_bjet_PNetRegPtRawCorrNeutrino
Common columns (UP & DOWN),nonResReg_sublead_bjet_PNetRegPtRawRes
Common columns (UP & DOWN),nonResReg_sublead_bjet_btagPNetB
Common columns (UP & DOWN),nonResReg_sublead_bjet_charge
Common columns (UP & DOWN),nonResReg_sublead_bjet_eta
Common columns (UP & DOWN),nonResReg_sublead_bjet_genFlav
Common columns (UP & DOWN),nonResReg_sublead_bjet_genMatched
Common columns (UP & DOWN),nonResReg_sublead_bjet_hFlav
Common columns (UP & DOWN),nonResReg_sublead_bjet_jet_idx
Common columns (UP & DOWN),nonResReg_sublead_bjet_mass
Common columns (UP & DOWN),nonResReg_sublead_bjet_phi
Common columns (UP & DOWN),nonResReg_sublead_bjet_pt
Common columns (UP & DOWN),nonResReg_sublead_bjet_pt_orig
Common columns (UP & DOWN),nonResReg_sublead_bjet_rawFactor
Common columns (UP & DOWN),nonRes_CosThetaStar_CS
Common columns (UP & DOWN),nonRes_CosThetaStar_gg
Common columns (UP & DOWN),nonRes_CosThetaStar_jj
Common columns (UP & DOWN),nonRes_DeltaPhi_j1MET
Common columns (UP & DOWN),nonRes_DeltaPhi_j2MET
Common columns (UP & DOWN),nonRes_DeltaR_j1g1
Common columns (UP & DOWN),nonRes_DeltaR_j1g2
Common columns (UP & DOWN),nonRes_DeltaR_j2g1
Common columns (UP & DOWN),nonRes_DeltaR_j2g2
Common columns (UP & DOWN),nonRes_DeltaR_jg_min
Common columns (UP & DOWN),nonRes_FirstJet_PtOverM
Common columns (UP & DOWN),nonRes_HHbbggCandidate_eta
Common columns (UP & DOWN),nonRes_HHbbggCandidate_mass
Common columns (UP & DOWN),nonRes_HHbbggCandidate_phi
Common columns (UP & DOWN),nonRes_HHbbggCandidate_pt
Common columns (UP & DOWN),nonRes_Higgs_toGG_genMatched
Common columns (UP & DOWN),nonRes_Higgs_tobb_genMatched
Common columns (UP & DOWN),nonRes_MET_phiPNetCorr
Common columns (UP & DOWN),nonRes_MET_ptPNetCorr
Common columns (UP & DOWN),nonRes_M_X
Common columns (UP & DOWN),nonRes_SecondJet_PtOverM
Common columns (UP & DOWN),nonRes_chi_t0
Common columns (UP & DOWN),nonRes_chi_t1
Common columns (UP & DOWN),nonRes_dijet_charge
Common columns (UP & DOWN),nonRes_dijet_eta
Common columns (UP & DOWN),nonRes_dijet_mass
Common columns (UP & DOWN),nonRes_dijet_mass_DNNreg
Common columns (UP & DOWN),nonRes_dijet_phi
Common columns (UP & DOWN),nonRes_dijet_pt
Common columns (UP & DOWN),nonRes_has_atleast_one_fatjet
Common columns (UP & DOWN),nonRes_has_two_btagged_jets
Common columns (UP & DOWN),nonRes_lead_bjet_PNetRegPtRawCorr
Common columns (UP & DOWN),nonRes_lead_bjet_PNetRegPtRawCorrNeutrino
Common columns (UP & DOWN),nonRes_lead_bjet_PNetRegPtRawRes
Common columns (UP & DOWN),nonRes_lead_bjet_btagPNetB
Common columns (UP & DOWN),nonRes_lead_bjet_charge
Common columns (UP & DOWN),nonRes_lead_bjet_eta
Common columns (UP & DOWN),nonRes_lead_bjet_genFlav
Common columns (UP & DOWN),nonRes_lead_bjet_genMatched
Common columns (UP & DOWN),nonRes_lead_bjet_hFlav
Common columns (UP & DOWN),nonRes_lead_bjet_jet_idx
Common columns (UP & DOWN),nonRes_lead_bjet_mass
Common columns (UP & DOWN),nonRes_lead_bjet_phi
Common columns (UP & DOWN),nonRes_lead_bjet_pt
Common columns (UP & DOWN),nonRes_lead_bjet_pt_orig
Common columns (UP & DOWN),nonRes_lead_bjet_rawFactor
Common columns (UP & DOWN),nonRes_pholead_PtOverM
Common columns (UP & DOWN),nonRes_phosublead_PtOverM
Common columns (UP & DOWN),nonRes_sublead_bjet_PNetRegPtRawCorr
Common columns (UP & DOWN),nonRes_sublead_bjet_PNetRegPtRawCorrNeutrino
Common columns (UP & DOWN),nonRes_sublead_bjet_PNetRegPtRawRes
Common columns (UP & DOWN),nonRes_sublead_bjet_btagPNetB
Common columns (UP & DOWN),nonRes_sublead_bjet_charge
Common columns (UP & DOWN),nonRes_sublead_bjet_eta
Common columns (UP & DOWN),nonRes_sublead_bjet_genFlav
Common columns (UP & DOWN),nonRes_sublead_bjet_genMatched
Common columns (UP & DOWN),nonRes_sublead_bjet_hFlav
Common columns (UP & DOWN),nonRes_sublead_bjet_jet_idx
Common columns (UP & DOWN),nonRes_sublead_bjet_mass
Common columns (UP & DOWN),nonRes_sublead_bjet_phi
Common columns (UP & DOWN),nonRes_sublead_bjet_pt
Common columns (UP & DOWN),nonRes_sublead_bjet_pt_orig
Common columns (UP & DOWN),nonRes_sublead_bjet_rawFactor
Common columns (UP & DOWN),pass_fiducial_classical
Common columns (UP & DOWN),pass_fiducial_geometric
Common columns (UP & DOWN),phi
Common columns (UP & DOWN),pt
Common columns (UP & DOWN),puppiMET_phi
Common columns (UP & DOWN),puppiMET_phiJERDown
Common columns (UP & DOWN),puppiMET_phiJERUp
Common columns (UP & DOWN),puppiMET_phiJESDown
Common columns (UP & DOWN),puppiMET_phiJESUp
Common columns (UP & DOWN),puppiMET_phiUnclusteredDown
Common columns (UP & DOWN),puppiMET_phiUnclusteredUp
Common columns (UP & DOWN),puppiMET_pt
Common columns (UP & DOWN),puppiMET_ptJERDown
Common columns (UP & DOWN),puppiMET_ptJERUp
Common columns (UP & DOWN),puppiMET_ptJESDown
Common columns (UP & DOWN),puppiMET_ptJESUp
Common columns (UP & DOWN),puppiMET_ptUnclusteredDown
Common columns (UP & DOWN),puppiMET_ptUnclusteredUp
Common columns (UP & DOWN),puppiMET_sumEt
Common columns (UP & DOWN),rapidity
Common columns (UP & DOWN),run
Common columns (UP & DOWN),sigma_m_over_m
Common columns (UP & DOWN),sigma_m_over_m_Smeared
Common columns (UP & DOWN),sublead_ScEta
Common columns (UP & DOWN),sublead_charge
Common columns (UP & DOWN),sublead_cutBased
Common columns (UP & DOWN),sublead_ecalPFClusterIso
Common columns (UP & DOWN),sublead_electronIdx
Common columns (UP & DOWN),sublead_electronIdxG
Common columns (UP & DOWN),sublead_electronVeto
Common columns (UP & DOWN),sublead_energyErr
Common columns (UP & DOWN),sublead_energyRaw
Common columns (UP & DOWN),sublead_esEffSigmaRR
Common columns (UP & DOWN),sublead_esEnergyOverRawE
Common columns (UP & DOWN),sublead_eta
Common columns (UP & DOWN),sublead_etaWidth
Common columns (UP & DOWN),sublead_genPartFlav
Common columns (UP & DOWN),sublead_genPartIdx
Common columns (UP & DOWN),sublead_genPartIdxG
Common columns (UP & DOWN),sublead_haloTaggerMVAVal
Common columns (UP & DOWN),sublead_hasConversionTracks
Common columns (UP & DOWN),sublead_hcalPFClusterIso
Common columns (UP & DOWN),sublead_hoe
Common columns (UP & DOWN),sublead_hoe_PUcorr
Common columns (UP & DOWN),sublead_isScEtaEB
Common columns (UP & DOWN),sublead_isScEtaEE
Common columns (UP & DOWN),sublead_jetIdx
Common columns (UP & DOWN),sublead_jetIdxG
Common columns (UP & DOWN),sublead_mass
Common columns (UP & DOWN),sublead_mvaID
Common columns (UP & DOWN),sublead_mvaID_WP80
Common columns (UP & DOWN),sublead_mvaID_WP90
Common columns (UP & DOWN),sublead_pfChargedIso
Common columns (UP & DOWN),sublead_pfChargedIsoPFPV
Common columns (UP & DOWN),sublead_pfChargedIsoWorstVtx
Common columns (UP & DOWN),sublead_pfPhoIso03
Common columns (UP & DOWN),sublead_pfRelIso03_all_quadratic
Common columns (UP & DOWN),sublead_pfRelIso03_chg_quadratic
Common columns (UP & DOWN),sublead_phi
Common columns (UP & DOWN),sublead_phiWidth
Common columns (UP & DOWN),sublead_pixelSeed
Common columns (UP & DOWN),sublead_pt
Common columns (UP & DOWN),sublead_pt_raw
Common columns (UP & DOWN),sublead_r9
Common columns (UP & DOWN),sublead_rho_smear
Common columns (UP & DOWN),sublead_s4
Common columns (UP & DOWN),sublead_seedGain
Common columns (UP & DOWN),sublead_seediEtaOriX
Common columns (UP & DOWN),sublead_seediPhiOriY
Common columns (UP & DOWN),sublead_sieie
Common columns (UP & DOWN),sublead_sieip
Common columns (UP & DOWN),sublead_sipip
Common columns (UP & DOWN),sublead_trkSumPtHollowConeDR03
Common columns (UP & DOWN),sublead_trkSumPtSolidConeDR04
Common columns (UP & DOWN),sublead_vetoEELeak
Common columns (UP & DOWN),sublead_vidNestedWPBitmap
Common columns (UP & DOWN),sublead_x_calo
Common columns (UP & DOWN),sublead_y_calo
Common columns (UP & DOWN),sublead_z_calo
Common columns (UP & DOWN),weight
Common columns (UP & DOWN),weight_central
Common columns (UP & DOWN),weight_interference
Common columns (UP & DOWN),weight_nominal
Different values (UP vs DOWN),DeltaR_b1l1
Different values (UP vs DOWN),DeltaR_b1l2
Different values (UP vs DOWN),DeltaR_b2l1
Different values (UP vs DOWN),DeltaR_b2l2
Different values (UP vs DOWN),DeltaR_j10l1
Different values (UP vs DOWN),DeltaR_j10l2
Different values (UP vs DOWN),DeltaR_j10l3
Different values (UP vs DOWN),DeltaR_j10l4
Different values (UP vs DOWN),DeltaR_j1l1
Different values (UP vs DOWN),DeltaR_j1l2
Different values (UP vs DOWN),DeltaR_j1l3
Different values (UP vs DOWN),DeltaR_j1l4
Different values (UP vs DOWN),DeltaR_j2l1
Different values (UP vs DOWN),DeltaR_j2l2
Different values (UP vs DOWN),DeltaR_j2l3
Different values (UP vs DOWN),DeltaR_j2l4
Different values (UP vs DOWN),DeltaR_j3l1
Different values (UP vs DOWN),DeltaR_j3l2
Different values (UP vs DOWN),DeltaR_j3l3
Different values (UP vs DOWN),DeltaR_j3l4
Different values (UP vs DOWN),DeltaR_j4l1
Different values (UP vs DOWN),DeltaR_j4l2
Different values (UP vs DOWN),DeltaR_j4l3
Different values (UP vs DOWN),DeltaR_j4l4
Different values (UP vs DOWN),DeltaR_j5l1
Different values (UP vs DOWN),DeltaR_j5l2
Different values (UP vs DOWN),DeltaR_j5l3
Different values (UP vs DOWN),DeltaR_j5l4
Different values (UP vs DOWN),DeltaR_j6l1
Different values (UP vs DOWN),DeltaR_j6l2
Different values (UP vs DOWN),DeltaR_j6l3
Different values (UP vs DOWN),DeltaR_j6l4
Different values (UP vs DOWN),DeltaR_j7l1
Different values (UP vs DOWN),DeltaR_j7l2
Different values (UP vs DOWN),DeltaR_j7l3
Different values (UP vs DOWN),DeltaR_j7l4
Different values (UP vs DOWN),DeltaR_j8l1
Different values (UP vs DOWN),DeltaR_j8l2
Different values (UP vs DOWN),DeltaR_j8l3
Different values (UP vs DOWN),DeltaR_j8l4
Different values (UP vs DOWN),DeltaR_j9l1
Different values (UP vs DOWN),DeltaR_j9l2
Different values (UP vs DOWN),DeltaR_j9l3
Different values (UP vs DOWN),DeltaR_j9l4
Different values (UP vs DOWN),GenPTH
Different values (UP vs DOWN),HTXS_Higgs_pt
Different values (UP vs DOWN),HTXS_Higgs_y
Different values (UP vs DOWN),HTXS_njets30
Different values (UP vs DOWN),HTXS_stage_0
Different values (UP vs DOWN),Njets2p5
Different values (UP vs DOWN),Res_CosThetaStar_CS
Different values (UP vs DOWN),Res_CosThetaStar_gg
Different values (UP vs DOWN),Res_CosThetaStar_jj
Different values (UP vs DOWN),Res_DNNpair_CosThetaStar_CS
Different values (UP vs DOWN),Res_DNNpair_CosThetaStar_gg
Different values (UP vs DOWN),Res_DNNpair_CosThetaStar_jj
Different values (UP vs DOWN),Res_DNNpair_DeltaPhi_j1MET
Different values (UP vs DOWN),Res_DNNpair_DeltaPhi_j2MET
Different values (UP vs DOWN),Res_DNNpair_DeltaR_j1g1
Different values (UP vs DOWN),Res_DNNpair_DeltaR_j1g2
Different values (UP vs DOWN),Res_DNNpair_DeltaR_j2g1
Different values (UP vs DOWN),Res_DNNpair_DeltaR_j2g2
Different values (UP vs DOWN),Res_DNNpair_DeltaR_jg_min
Different values (UP vs DOWN),Res_DNNpair_FirstJet_PtOverM
Different values (UP vs DOWN),Res_DNNpair_HHbbggCandidate_eta
Different values (UP vs DOWN),Res_DNNpair_HHbbggCandidate_mass
Different values (UP vs DOWN),Res_DNNpair_HHbbggCandidate_phi
Different values (UP vs DOWN),Res_DNNpair_HHbbggCandidate_pt
Different values (UP vs DOWN),Res_DNNpair_Higgs_toGG_genMatched
Different values (UP vs DOWN),Res_DNNpair_Higgs_tobb_genMatched
Different values (UP vs DOWN),Res_DNNpair_MET_phiPNetCorr
Different values (UP vs DOWN),Res_DNNpair_MET_ptPNetCorr
Different values (UP vs DOWN),Res_DNNpair_M_X
Different values (UP vs DOWN),Res_DNNpair_SecondJet_PtOverM
Different values (UP vs DOWN),Res_DNNpair_chi_t0
Different values (UP vs DOWN),Res_DNNpair_chi_t1
Different values (UP vs DOWN),Res_DNNpair_dijet_DNNpair_Score
Different values (UP vs DOWN),Res_DNNpair_dijet_charge
Different values (UP vs DOWN),Res_DNNpair_dijet_eta
Different values (UP vs DOWN),Res_DNNpair_dijet_mass
Different values (UP vs DOWN),Res_DNNpair_dijet_mass_DNNreg
Different values (UP vs DOWN),Res_DNNpair_dijet_phi
Different values (UP vs DOWN),Res_DNNpair_dijet_pt
Different values (UP vs DOWN),Res_DNNpair_has_atleast_one_fatjet
Different values (UP vs DOWN),Res_DNNpair_has_two_btagged_jets
Different values (UP vs DOWN),Res_DNNpair_lead_bjet_PNetRegPtRawCorr
Different values (UP vs DOWN),Res_DNNpair_lead_bjet_PNetRegPtRawCorrNeutrino
Different values (UP vs DOWN),Res_DNNpair_lead_bjet_PNetRegPtRawRes
Different values (UP vs DOWN),Res_DNNpair_lead_bjet_btagPNetB
Different values (UP vs DOWN),Res_DNNpair_lead_bjet_charge
Different values (UP vs DOWN),Res_DNNpair_lead_bjet_eta
Different values (UP vs DOWN),Res_DNNpair_lead_bjet_genFlav
Different values (UP vs DOWN),Res_DNNpair_lead_bjet_genMatched
Different values (UP vs DOWN),Res_DNNpair_lead_bjet_hFlav
Different values (UP vs DOWN),Res_DNNpair_lead_bjet_jet_idx
Different values (UP vs DOWN),Res_DNNpair_lead_bjet_mass
Different values (UP vs DOWN),Res_DNNpair_lead_bjet_phi
Different values (UP vs DOWN),Res_DNNpair_lead_bjet_pt
Different values (UP vs DOWN),Res_DNNpair_lead_bjet_pt_orig
Different values (UP vs DOWN),Res_DNNpair_lead_bjet_rawFactor
Different values (UP vs DOWN),Res_DNNpair_pholead_PtOverM
Different values (UP vs DOWN),Res_DNNpair_phosublead_PtOverM
Different values (UP vs DOWN),Res_DNNpair_sublead_bjet_PNetRegPtRawCorr
Different values (UP vs DOWN),Res_DNNpair_sublead_bjet_PNetRegPtRawCorrNeutrino
Different values (UP vs DOWN),Res_DNNpair_sublead_bjet_PNetRegPtRawRes
Different values (UP vs DOWN),Res_DNNpair_sublead_bjet_btagPNetB
Different values (UP vs DOWN),Res_DNNpair_sublead_bjet_charge
Different values (UP vs DOWN),Res_DNNpair_sublead_bjet_eta
Different values (UP vs DOWN),Res_DNNpair_sublead_bjet_genFlav
Different values (UP vs DOWN),Res_DNNpair_sublead_bjet_genMatched
Different values (UP vs DOWN),Res_DNNpair_sublead_bjet_hFlav
Different values (UP vs DOWN),Res_DNNpair_sublead_bjet_jet_idx
Different values (UP vs DOWN),Res_DNNpair_sublead_bjet_mass
Different values (UP vs DOWN),Res_DNNpair_sublead_bjet_phi
Different values (UP vs DOWN),Res_DNNpair_sublead_bjet_pt
Different values (UP vs DOWN),Res_DNNpair_sublead_bjet_pt_orig
Different values (UP vs DOWN),Res_DNNpair_sublead_bjet_rawFactor
Different values (UP vs DOWN),Res_DeltaPhi_j1MET
Different values (UP vs DOWN),Res_DeltaPhi_j2MET
Different values (UP vs DOWN),Res_DeltaR_j1g1
Different values (UP vs DOWN),Res_DeltaR_j1g2
Different values (UP vs DOWN),Res_DeltaR_j2g1
Different values (UP vs DOWN),Res_DeltaR_j2g2
Different values (UP vs DOWN),Res_DeltaR_jg_min
Different values (UP vs DOWN),Res_FirstJet_PtOverM
Different values (UP vs DOWN),Res_HHbbggCandidate_eta
Different values (UP vs DOWN),Res_HHbbggCandidate_mass
Different values (UP vs DOWN),Res_HHbbggCandidate_phi
Different values (UP vs DOWN),Res_HHbbggCandidate_pt
Different values (UP vs DOWN),Res_Higgs_toGG_genMatched
Different values (UP vs DOWN),Res_Higgs_tobb_genMatched
Different values (UP vs DOWN),Res_MET_phiPNetCorr
Different values (UP vs DOWN),Res_MET_ptPNetCorr
Different values (UP vs DOWN),Res_M_X
Different values (UP vs DOWN),Res_SecondJet_PtOverM
Different values (UP vs DOWN),Res_chi_t0
Different values (UP vs DOWN),Res_chi_t1
Different values (UP vs DOWN),Res_dijet_charge
Different values (UP vs DOWN),Res_dijet_eta
Different values (UP vs DOWN),Res_dijet_mass
Different values (UP vs DOWN),Res_dijet_mass_DNNreg
Different values (UP vs DOWN),Res_dijet_phi
Different values (UP vs DOWN),Res_dijet_pt
Different values (UP vs DOWN),Res_has_atleast_one_fatjet
Different values (UP vs DOWN),Res_has_two_btagged_jets
Different values (UP vs DOWN),Res_lead_bjet_PNetRegPtRawCorr
Different values (UP vs DOWN),Res_lead_bjet_PNetRegPtRawCorrNeutrino
Different values (UP vs DOWN),Res_lead_bjet_PNetRegPtRawRes
Different values (UP vs DOWN),Res_lead_bjet_btagPNetB
Different values (UP vs DOWN),Res_lead_bjet_charge
Different values (UP vs DOWN),Res_lead_bjet_eta
Different values (UP vs DOWN),Res_lead_bjet_genFlav
Different values (UP vs DOWN),Res_lead_bjet_genMatched
Different values (UP vs DOWN),Res_lead_bjet_hFlav
Different values (UP vs DOWN),Res_lead_bjet_jet_idx
Different values (UP vs DOWN),Res_lead_bjet_mass
Different values (UP vs DOWN),Res_lead_bjet_phi
Different values (UP vs DOWN),Res_lead_bjet_pt
Different values (UP vs DOWN),Res_lead_bjet_pt_orig
Different values (UP vs DOWN),Res_lead_bjet_rawFactor
Different values (UP vs DOWN),Res_pholead_PtOverM
Different values (UP vs DOWN),Res_phosublead_PtOverM
Different values (UP vs DOWN),Res_sublead_bjet_PNetRegPtRawCorr
Different values (UP vs DOWN),Res_sublead_bjet_PNetRegPtRawCorrNeutrino
Different values (UP vs DOWN),Res_sublead_bjet_PNetRegPtRawRes
Different values (UP vs DOWN),Res_sublead_bjet_btagPNetB
Different values (UP vs DOWN),Res_sublead_bjet_charge
Different values (UP vs DOWN),Res_sublead_bjet_eta
Different values (UP vs DOWN),Res_sublead_bjet_genFlav
Different values (UP vs DOWN),Res_sublead_bjet_genMatched
Different values (UP vs DOWN),Res_sublead_bjet_hFlav
Different values (UP vs DOWN),Res_sublead_bjet_jet_idx
Different values (UP vs DOWN),Res_sublead_bjet_mass
Different values (UP vs DOWN),Res_sublead_bjet_phi
Different values (UP vs DOWN),Res_sublead_bjet_pt
Different values (UP vs DOWN),Res_sublead_bjet_pt_orig
Different values (UP vs DOWN),Res_sublead_bjet_rawFactor
Different values (UP vs DOWN),VBF_Cbb
Different values (UP vs DOWN),VBF_Cgg
Different values (UP vs DOWN),VBF_DeltaR_j1b1
Different values (UP vs DOWN),VBF_DeltaR_j1b2
Different values (UP vs DOWN),VBF_DeltaR_j1g1
Different values (UP vs DOWN),VBF_DeltaR_j1g2
Different values (UP vs DOWN),VBF_DeltaR_j2b1
Different values (UP vs DOWN),VBF_DeltaR_j2b2
Different values (UP vs DOWN),VBF_DeltaR_j2g1
Different values (UP vs DOWN),VBF_DeltaR_j2g2
Different values (UP vs DOWN),VBF_DeltaR_jb_min
Different values (UP vs DOWN),VBF_DeltaR_jg_min
Different values (UP vs DOWN),VBF_dijet_charge
Different values (UP vs DOWN),VBF_dijet_eta
Different values (UP vs DOWN),VBF_dijet_mass
Different values (UP vs DOWN),VBF_dijet_phi
Different values (UP vs DOWN),VBF_dijet_pt
Different values (UP vs DOWN),VBF_first_jet_PNetRegPtRawCorr
Different values (UP vs DOWN),VBF_first_jet_PNetRegPtRawCorrNeutrino
Different values (UP vs DOWN),VBF_first_jet_PNetRegPtRawRes
Different values (UP vs DOWN),VBF_first_jet_PtOverM
Different values (UP vs DOWN),VBF_first_jet_btagDeepFlav_QG
Different values (UP vs DOWN),VBF_first_jet_btagPNetB
Different values (UP vs DOWN),VBF_first_jet_btagPNetQvG
Different values (UP vs DOWN),VBF_first_jet_charge
Different values (UP vs DOWN),VBF_first_jet_eta
Different values (UP vs DOWN),VBF_first_jet_index
Different values (UP vs DOWN),VBF_first_jet_mass
Different values (UP vs DOWN),VBF_first_jet_phi
Different values (UP vs DOWN),VBF_first_jet_pt
Different values (UP vs DOWN),VBF_first_jet_pt_orig
Different values (UP vs DOWN),VBF_first_jet_rawFactor
Different values (UP vs DOWN),VBF_jet_eta_diff
Different values (UP vs DOWN),VBF_jet_eta_prod
Different values (UP vs DOWN),VBF_jet_eta_sum
Different values (UP vs DOWN),VBF_second_jet_PNetRegPtRawCorr
Different values (UP vs DOWN),VBF_second_jet_PNetRegPtRawCorrNeutrino
Different values (UP vs DOWN),VBF_second_jet_PNetRegPtRawRes
Different values (UP vs DOWN),VBF_second_jet_PtOverM
Different values (UP vs DOWN),VBF_second_jet_btagDeepFlav_QG
Different values (UP vs DOWN),VBF_second_jet_btagPNetB
Different values (UP vs DOWN),VBF_second_jet_btagPNetQvG
Different values (UP vs DOWN),VBF_second_jet_charge
Different values (UP vs DOWN),VBF_second_jet_eta
Different values (UP vs DOWN),VBF_second_jet_index
Different values (UP vs DOWN),VBF_second_jet_mass
Different values (UP vs DOWN),VBF_second_jet_phi
Different values (UP vs DOWN),VBF_second_jet_pt
Different values (UP vs DOWN),VBF_second_jet_pt_orig
Different values (UP vs DOWN),VBF_second_jet_rawFactor
Different values (UP vs DOWN),XtoYHto2B2G_MX
Different values (UP vs DOWN),XtoYHto2B2G_MY
Different values (UP vs DOWN),bTagWeight
Different values (UP vs DOWN),charge
Different values (UP vs DOWN),dZ
Different values (UP vs DOWN),eta
Different values (UP vs DOWN),event
Different values (UP vs DOWN),fatjet1_area
Different values (UP vs DOWN),fatjet1_btagDDBvLV2
Different values (UP vs DOWN),fatjet1_btagDDCvBV2
Different values (UP vs DOWN),fatjet1_btagDDCvLV2
Different values (UP vs DOWN),fatjet1_btagDeepB
Different values (UP vs DOWN),fatjet1_btagHbb
Different values (UP vs DOWN),fatjet1_eta
Different values (UP vs DOWN),fatjet1_genFlav
Different values (UP vs DOWN),fatjet1_genMatched
Different values (UP vs DOWN),fatjet1_genMatched_Hbb
Different values (UP vs DOWN),fatjet1_genjetAK8_eta
Different values (UP vs DOWN),fatjet1_genjetAK8_hadronFlavour
Different values (UP vs DOWN),fatjet1_genjetAK8_mass
Different values (UP vs DOWN),fatjet1_genjetAK8_partonFlavour
Different values (UP vs DOWN),fatjet1_genjetAK8_phi
Different values (UP vs DOWN),fatjet1_genjetAK8_pt
Different values (UP vs DOWN),fatjet1_hadronFlavour
Different values (UP vs DOWN),fatjet1_jetId
Different values (UP vs DOWN),fatjet1_mass
Different values (UP vs DOWN),fatjet1_msoftdrop
Different values (UP vs DOWN),fatjet1_n2b1
Different values (UP vs DOWN),fatjet1_n3b1
Different values (UP vs DOWN),fatjet1_nBHadrons
Different values (UP vs DOWN),fatjet1_nCHadrons
Different values (UP vs DOWN),fatjet1_nConstituents
Different values (UP vs DOWN),fatjet1_particleNetWithMass_HbbvsQCD
Different values (UP vs DOWN),fatjet1_particleNetWithMass_QCD
Different values (UP vs DOWN),fatjet1_particleNet_QCD
Different values (UP vs DOWN),fatjet1_particleNet_QCD0HF
Different values (UP vs DOWN),fatjet1_particleNet_QCD1HF
Different values (UP vs DOWN),fatjet1_particleNet_QCD2HF
Different values (UP vs DOWN),fatjet1_particleNet_XbbVsQCD
Different values (UP vs DOWN),fatjet1_particleNet_XccVsQCD
Different values (UP vs DOWN),fatjet1_particleNet_XggVsQCD
Different values (UP vs DOWN),fatjet1_particleNet_XqqVsQCD
Different values (UP vs DOWN),fatjet1_particleNet_massCorr
Different values (UP vs DOWN),fatjet1_phi
Different values (UP vs DOWN),fatjet1_pt
Different values (UP vs DOWN),fatjet1_pt_orig
Different values (UP vs DOWN),fatjet1_rawFactor
Different values (UP vs DOWN),fatjet1_subjet1_btagDeepB
Different values (UP vs DOWN),fatjet1_subjet1_eta
Different values (UP vs DOWN),fatjet1_subjet1_mass
Different values (UP vs DOWN),fatjet1_subjet1_phi
Different values (UP vs DOWN),fatjet1_subjet1_pt
Different values (UP vs DOWN),fatjet1_subjet1_rawFactor
Different values (UP vs DOWN),fatjet1_subjet2_btagDeepB
Different values (UP vs DOWN),fatjet1_subjet2_eta
Different values (UP vs DOWN),fatjet1_subjet2_mass
Different values (UP vs DOWN),fatjet1_subjet2_phi
Different values (UP vs DOWN),fatjet1_subjet2_pt
Different values (UP vs DOWN),fatjet1_subjet2_rawFactor
Different values (UP vs DOWN),fatjet1_tau1
Different values (UP vs DOWN),fatjet1_tau2
Different values (UP vs DOWN),fatjet1_tau3
Different values (UP vs DOWN),fatjet1_tau4
Different values (UP vs DOWN),fatjet2_area
Different values (UP vs DOWN),fatjet2_btagDDBvLV2
Different values (UP vs DOWN),fatjet2_btagDDCvBV2
Different values (UP vs DOWN),fatjet2_btagDDCvLV2
Different values (UP vs DOWN),fatjet2_btagDeepB
Different values (UP vs DOWN),fatjet2_btagHbb
Different values (UP vs DOWN),fatjet2_eta
Different values (UP vs DOWN),fatjet2_genFlav
Different values (UP vs DOWN),fatjet2_genMatched
Different values (UP vs DOWN),fatjet2_genMatched_Hbb
Different values (UP vs DOWN),fatjet2_genjetAK8_eta
Different values (UP vs DOWN),fatjet2_genjetAK8_hadronFlavour
Different values (UP vs DOWN),fatjet2_genjetAK8_mass
Different values (UP vs DOWN),fatjet2_genjetAK8_partonFlavour
Different values (UP vs DOWN),fatjet2_genjetAK8_phi
Different values (UP vs DOWN),fatjet2_genjetAK8_pt
Different values (UP vs DOWN),fatjet2_hadronFlavour
Different values (UP vs DOWN),fatjet2_jetId
Different values (UP vs DOWN),fatjet2_mass
Different values (UP vs DOWN),fatjet2_msoftdrop
Different values (UP vs DOWN),fatjet2_n2b1
Different values (UP vs DOWN),fatjet2_n3b1
Different values (UP vs DOWN),fatjet2_nBHadrons
Different values (UP vs DOWN),fatjet2_nCHadrons
Different values (UP vs DOWN),fatjet2_nConstituents
Different values (UP vs DOWN),fatjet2_particleNetWithMass_HbbvsQCD
Different values (UP vs DOWN),fatjet2_particleNetWithMass_QCD
Different values (UP vs DOWN),fatjet2_particleNet_QCD
Different values (UP vs DOWN),fatjet2_particleNet_QCD0HF
Different values (UP vs DOWN),fatjet2_particleNet_QCD1HF
Different values (UP vs DOWN),fatjet2_particleNet_QCD2HF
Different values (UP vs DOWN),fatjet2_particleNet_XbbVsQCD
Different values (UP vs DOWN),fatjet2_particleNet_XccVsQCD
Different values (UP vs DOWN),fatjet2_particleNet_XggVsQCD
Different values (UP vs DOWN),fatjet2_particleNet_XqqVsQCD
Different values (UP vs DOWN),fatjet2_particleNet_massCorr
Different values (UP vs DOWN),fatjet2_phi
Different values (UP vs DOWN),fatjet2_pt
Different values (UP vs DOWN),fatjet2_pt_orig
Different values (UP vs DOWN),fatjet2_rawFactor
Different values (UP vs DOWN),fatjet2_subjet1_btagDeepB
Different values (UP vs DOWN),fatjet2_subjet1_eta
Different values (UP vs DOWN),fatjet2_subjet1_mass
Different values (UP vs DOWN),fatjet2_subjet1_phi
Different values (UP vs DOWN),fatjet2_subjet1_pt
Different values (UP vs DOWN),fatjet2_subjet1_rawFactor
Different values (UP vs DOWN),fatjet2_subjet2_btagDeepB
Different values (UP vs DOWN),fatjet2_subjet2_eta
Different values (UP vs DOWN),fatjet2_subjet2_mass
Different values (UP vs DOWN),fatjet2_subjet2_phi
Different values (UP vs DOWN),fatjet2_subjet2_pt
Different values (UP vs DOWN),fatjet2_subjet2_rawFactor
Different values (UP vs DOWN),fatjet2_tau1
Different values (UP vs DOWN),fatjet2_tau2
Different values (UP vs DOWN),fatjet2_tau3
Different values (UP vs DOWN),fatjet2_tau4
Different values (UP vs DOWN),fatjet3_area
Different values (UP vs DOWN),fatjet3_btagDDBvLV2
Different values (UP vs DOWN),fatjet3_btagDDCvBV2
Different values (UP vs DOWN),fatjet3_btagDDCvLV2
Different values (UP vs DOWN),fatjet3_btagDeepB
Different values (UP vs DOWN),fatjet3_btagHbb
Different values (UP vs DOWN),fatjet3_eta
Different values (UP vs DOWN),fatjet3_genFlav
Different values (UP vs DOWN),fatjet3_genMatched
Different values (UP vs DOWN),fatjet3_genMatched_Hbb
Different values (UP vs DOWN),fatjet3_genjetAK8_eta
Different values (UP vs DOWN),fatjet3_genjetAK8_hadronFlavour
Different values (UP vs DOWN),fatjet3_genjetAK8_mass
Different values (UP vs DOWN),fatjet3_genjetAK8_partonFlavour
Different values (UP vs DOWN),fatjet3_genjetAK8_phi
Different values (UP vs DOWN),fatjet3_genjetAK8_pt
Different values (UP vs DOWN),fatjet3_hadronFlavour
Different values (UP vs DOWN),fatjet3_jetId
Different values (UP vs DOWN),fatjet3_mass
Different values (UP vs DOWN),fatjet3_msoftdrop
Different values (UP vs DOWN),fatjet3_n2b1
Different values (UP vs DOWN),fatjet3_n3b1
Different values (UP vs DOWN),fatjet3_nBHadrons
Different values (UP vs DOWN),fatjet3_nCHadrons
Different values (UP vs DOWN),fatjet3_nConstituents
Different values (UP vs DOWN),fatjet3_particleNetWithMass_HbbvsQCD
Different values (UP vs DOWN),fatjet3_particleNetWithMass_QCD
Different values (UP vs DOWN),fatjet3_particleNet_QCD
Different values (UP vs DOWN),fatjet3_particleNet_QCD0HF
Different values (UP vs DOWN),fatjet3_particleNet_QCD1HF
Different values (UP vs DOWN),fatjet3_particleNet_QCD2HF
Different values (UP vs DOWN),fatjet3_particleNet_XbbVsQCD
Different values (UP vs DOWN),fatjet3_particleNet_XccVsQCD
Different values (UP vs DOWN),fatjet3_particleNet_XggVsQCD
Different values (UP vs DOWN),fatjet3_particleNet_XqqVsQCD
Different values (UP vs DOWN),fatjet3_particleNet_massCorr
Different values (UP vs DOWN),fatjet3_phi
Different values (UP vs DOWN),fatjet3_pt
Different values (UP vs DOWN),fatjet3_pt_orig
Different values (UP vs DOWN),fatjet3_rawFactor
Different values (UP vs DOWN),fatjet3_subjet1_btagDeepB
Different values (UP vs DOWN),fatjet3_subjet1_eta
Different values (UP vs DOWN),fatjet3_subjet1_mass
Different values (UP vs DOWN),fatjet3_subjet1_phi
Different values (UP vs DOWN),fatjet3_subjet1_pt
Different values (UP vs DOWN),fatjet3_subjet1_rawFactor
Different values (UP vs DOWN),fatjet3_subjet2_btagDeepB
Different values (UP vs DOWN),fatjet3_subjet2_eta
Different values (UP vs DOWN),fatjet3_subjet2_mass
Different values (UP vs DOWN),fatjet3_subjet2_phi
Different values (UP vs DOWN),fatjet3_subjet2_pt
Different values (UP vs DOWN),fatjet3_subjet2_rawFactor
Different values (UP vs DOWN),fatjet3_tau1
Different values (UP vs DOWN),fatjet3_tau2
Different values (UP vs DOWN),fatjet3_tau3
Different values (UP vs DOWN),fatjet3_tau4
Different values (UP vs DOWN),fatjet4_area
Different values (UP vs DOWN),fatjet4_btagDDBvLV2
Different values (UP vs DOWN),fatjet4_btagDDCvBV2
Different values (UP vs DOWN),fatjet4_btagDDCvLV2
Different values (UP vs DOWN),fatjet4_btagDeepB
Different values (UP vs DOWN),fatjet4_btagHbb
Different values (UP vs DOWN),fatjet4_eta
Different values (UP vs DOWN),fatjet4_genFlav
Different values (UP vs DOWN),fatjet4_genMatched
Different values (UP vs DOWN),fatjet4_genMatched_Hbb
Different values (UP vs DOWN),fatjet4_genjetAK8_eta
Different values (UP vs DOWN),fatjet4_genjetAK8_hadronFlavour
Different values (UP vs DOWN),fatjet4_genjetAK8_mass
Different values (UP vs DOWN),fatjet4_genjetAK8_partonFlavour
Different values (UP vs DOWN),fatjet4_genjetAK8_phi
Different values (UP vs DOWN),fatjet4_genjetAK8_pt
Different values (UP vs DOWN),fatjet4_hadronFlavour
Different values (UP vs DOWN),fatjet4_jetId
Different values (UP vs DOWN),fatjet4_mass
Different values (UP vs DOWN),fatjet4_msoftdrop
Different values (UP vs DOWN),fatjet4_n2b1
Different values (UP vs DOWN),fatjet4_n3b1
Different values (UP vs DOWN),fatjet4_nBHadrons
Different values (UP vs DOWN),fatjet4_nCHadrons
Different values (UP vs DOWN),fatjet4_nConstituents
Different values (UP vs DOWN),fatjet4_particleNetWithMass_HbbvsQCD
Different values (UP vs DOWN),fatjet4_particleNetWithMass_QCD
Different values (UP vs DOWN),fatjet4_particleNet_QCD
Different values (UP vs DOWN),fatjet4_particleNet_QCD0HF
Different values (UP vs DOWN),fatjet4_particleNet_QCD1HF
Different values (UP vs DOWN),fatjet4_particleNet_QCD2HF
Different values (UP vs DOWN),fatjet4_particleNet_XbbVsQCD
Different values (UP vs DOWN),fatjet4_particleNet_XccVsQCD
Different values (UP vs DOWN),fatjet4_particleNet_XggVsQCD
Different values (UP vs DOWN),fatjet4_particleNet_XqqVsQCD
Different values (UP vs DOWN),fatjet4_particleNet_massCorr
Different values (UP vs DOWN),fatjet4_phi
Different values (UP vs DOWN),fatjet4_pt
Different values (UP vs DOWN),fatjet4_pt_orig
Different values (UP vs DOWN),fatjet4_rawFactor
Different values (UP vs DOWN),fatjet4_subjet1_btagDeepB
Different values (UP vs DOWN),fatjet4_subjet1_eta
Different values (UP vs DOWN),fatjet4_subjet1_mass
Different values (UP vs DOWN),fatjet4_subjet1_phi
Different values (UP vs DOWN),fatjet4_subjet1_pt
Different values (UP vs DOWN),fatjet4_subjet1_rawFactor
Different values (UP vs DOWN),fatjet4_subjet2_btagDeepB
Different values (UP vs DOWN),fatjet4_subjet2_eta
Different values (UP vs DOWN),fatjet4_subjet2_mass
Different values (UP vs DOWN),fatjet4_subjet2_phi
Different values (UP vs DOWN),fatjet4_subjet2_pt
Different values (UP vs DOWN),fatjet4_subjet2_rawFactor
Different values (UP vs DOWN),fatjet4_tau1
Different values (UP vs DOWN),fatjet4_tau2
Different values (UP vs DOWN),fatjet4_tau3
Different values (UP vs DOWN),fatjet4_tau4
Different values (UP vs DOWN),fiducialClassicalFlag
Different values (UP vs DOWN),fiducialGeometricFlag
Different values (UP vs DOWN),fixedGridRhoAll
Different values (UP vs DOWN),genHiggs_toGG_eta
Different values (UP vs DOWN),genHiggs_toGG_mass
Different values (UP vs DOWN),genHiggs_toGG_phi
Different values (UP vs DOWN),genHiggs_toGG_pt
Different values (UP vs DOWN),genHiggs_tobb_eta
Different values (UP vs DOWN),genHiggs_tobb_mass
Different values (UP vs DOWN),genHiggs_tobb_phi
Different values (UP vs DOWN),genHiggs_tobb_pt
Different values (UP vs DOWN),genWeight
Different values (UP vs DOWN),gen_CosThetaStar_HH
Different values (UP vs DOWN),gen_mHH
Different values (UP vs DOWN),gen_pT_HH
Different values (UP vs DOWN),is_Res
Different values (UP vs DOWN),is_Res_DNNpair
Different values (UP vs DOWN),is_nonRes
Different values (UP vs DOWN),is_nonResReg
Different values (UP vs DOWN),is_nonResReg_DNNpair
Different values (UP vs DOWN),jet10_PNetRegPtRawCorr
Different values (UP vs DOWN),jet10_PNetRegPtRawCorrNeutrino
Different values (UP vs DOWN),jet10_PNetRegPtRawRes
Different values (UP vs DOWN),jet10_btagDeepFlav_B
Different values (UP vs DOWN),jet10_btagDeepFlav_CvB
Different values (UP vs DOWN),jet10_btagDeepFlav_CvL
Different values (UP vs DOWN),jet10_btagDeepFlav_QG
Different values (UP vs DOWN),jet10_btagPNetB
Different values (UP vs DOWN),jet10_btagPNetQvG
Different values (UP vs DOWN),jet10_btagRobustParTAK4B
Different values (UP vs DOWN),jet10_btagRobustParTAK4QG
Different values (UP vs DOWN),jet10_chEmEF
Different values (UP vs DOWN),jet10_charge
Different values (UP vs DOWN),jet10_eta
Different values (UP vs DOWN),jet10_genFlav
Different values (UP vs DOWN),jet10_genMatched
Different values (UP vs DOWN),jet10_hFlav
Different values (UP vs DOWN),jet10_index
Different values (UP vs DOWN),jet10_jetId
Different values (UP vs DOWN),jet10_mass
Different values (UP vs DOWN),jet10_muEF
Different values (UP vs DOWN),jet10_neEmEF
Different values (UP vs DOWN),jet10_neHEF
Different values (UP vs DOWN),jet10_phi
Different values (UP vs DOWN),jet10_pt
Different values (UP vs DOWN),jet10_pt_orig
Different values (UP vs DOWN),jet10_rawFactor
Different values (UP vs DOWN),jet1_PNetRegPtRawCorr
Different values (UP vs DOWN),jet1_PNetRegPtRawCorrNeutrino
Different values (UP vs DOWN),jet1_PNetRegPtRawRes
Different values (UP vs DOWN),jet1_btagDeepFlav_B
Different values (UP vs DOWN),jet1_btagDeepFlav_CvB
Different values (UP vs DOWN),jet1_btagDeepFlav_CvL
Different values (UP vs DOWN),jet1_btagDeepFlav_QG
Different values (UP vs DOWN),jet1_btagPNetB
Different values (UP vs DOWN),jet1_btagPNetQvG
Different values (UP vs DOWN),jet1_btagRobustParTAK4B
Different values (UP vs DOWN),jet1_btagRobustParTAK4QG
Different values (UP vs DOWN),jet1_chEmEF
Different values (UP vs DOWN),jet1_charge
Different values (UP vs DOWN),jet1_eta
Different values (UP vs DOWN),jet1_genFlav
Different values (UP vs DOWN),jet1_genMatched
Different values (UP vs DOWN),jet1_hFlav
Different values (UP vs DOWN),jet1_index
Different values (UP vs DOWN),jet1_jetId
Different values (UP vs DOWN),jet1_mass
Different values (UP vs DOWN),jet1_muEF
Different values (UP vs DOWN),jet1_neEmEF
Different values (UP vs DOWN),jet1_neHEF
Different values (UP vs DOWN),jet1_phi
Different values (UP vs DOWN),jet1_pt
Different values (UP vs DOWN),jet1_pt_orig
Different values (UP vs DOWN),jet1_rawFactor
Different values (UP vs DOWN),jet2_PNetRegPtRawCorr
Different values (UP vs DOWN),jet2_PNetRegPtRawCorrNeutrino
Different values (UP vs DOWN),jet2_PNetRegPtRawRes
Different values (UP vs DOWN),jet2_btagDeepFlav_B
Different values (UP vs DOWN),jet2_btagDeepFlav_CvB
Different values (UP vs DOWN),jet2_btagDeepFlav_CvL
Different values (UP vs DOWN),jet2_btagDeepFlav_QG
Different values (UP vs DOWN),jet2_btagPNetB
Different values (UP vs DOWN),jet2_btagPNetQvG
Different values (UP vs DOWN),jet2_btagRobustParTAK4B
Different values (UP vs DOWN),jet2_btagRobustParTAK4QG
Different values (UP vs DOWN),jet2_chEmEF
Different values (UP vs DOWN),jet2_charge
Different values (UP vs DOWN),jet2_eta
Different values (UP vs DOWN),jet2_genFlav
Different values (UP vs DOWN),jet2_genMatched
Different values (UP vs DOWN),jet2_hFlav
Different values (UP vs DOWN),jet2_index
Different values (UP vs DOWN),jet2_jetId
Different values (UP vs DOWN),jet2_mass
Different values (UP vs DOWN),jet2_muEF
Different values (UP vs DOWN),jet2_neEmEF
Different values (UP vs DOWN),jet2_neHEF
Different values (UP vs DOWN),jet2_phi
Different values (UP vs DOWN),jet2_pt
Different values (UP vs DOWN),jet2_pt_orig
Different values (UP vs DOWN),jet2_rawFactor
Different values (UP vs DOWN),jet3_PNetRegPtRawCorr
Different values (UP vs DOWN),jet3_PNetRegPtRawCorrNeutrino
Different values (UP vs DOWN),jet3_PNetRegPtRawRes
Different values (UP vs DOWN),jet3_btagDeepFlav_B
Different values (UP vs DOWN),jet3_btagDeepFlav_CvB
Different values (UP vs DOWN),jet3_btagDeepFlav_CvL
Different values (UP vs DOWN),jet3_btagDeepFlav_QG
Different values (UP vs DOWN),jet3_btagPNetB
Different values (UP vs DOWN),jet3_btagPNetQvG
Different values (UP vs DOWN),jet3_btagRobustParTAK4B
Different values (UP vs DOWN),jet3_btagRobustParTAK4QG
Different values (UP vs DOWN),jet3_chEmEF
Different values (UP vs DOWN),jet3_charge
Different values (UP vs DOWN),jet3_eta
Different values (UP vs DOWN),jet3_genFlav
Different values (UP vs DOWN),jet3_genMatched
Different values (UP vs DOWN),jet3_hFlav
Different values (UP vs DOWN),jet3_index
Different values (UP vs DOWN),jet3_jetId
Different values (UP vs DOWN),jet3_mass
Different values (UP vs DOWN),jet3_muEF
Different values (UP vs DOWN),jet3_neEmEF
Different values (UP vs DOWN),jet3_neHEF
Different values (UP vs DOWN),jet3_phi
Different values (UP vs DOWN),jet3_pt
Different values (UP vs DOWN),jet3_pt_orig
Different values (UP vs DOWN),jet3_rawFactor
Different values (UP vs DOWN),jet4_PNetRegPtRawCorr
Different values (UP vs DOWN),jet4_PNetRegPtRawCorrNeutrino
Different values (UP vs DOWN),jet4_PNetRegPtRawRes
Different values (UP vs DOWN),jet4_btagDeepFlav_B
Different values (UP vs DOWN),jet4_btagDeepFlav_CvB
Different values (UP vs DOWN),jet4_btagDeepFlav_CvL
Different values (UP vs DOWN),jet4_btagDeepFlav_QG
Different values (UP vs DOWN),jet4_btagPNetB
Different values (UP vs DOWN),jet4_btagPNetQvG
Different values (UP vs DOWN),jet4_btagRobustParTAK4B
Different values (UP vs DOWN),jet4_btagRobustParTAK4QG
Different values (UP vs DOWN),jet4_chEmEF
Different values (UP vs DOWN),jet4_charge
Different values (UP vs DOWN),jet4_eta
Different values (UP vs DOWN),jet4_genFlav
Different values (UP vs DOWN),jet4_genMatched
Different values (UP vs DOWN),jet4_hFlav
Different values (UP vs DOWN),jet4_index
Different values (UP vs DOWN),jet4_jetId
Different values (UP vs DOWN),jet4_mass
Different values (UP vs DOWN),jet4_muEF
Different values (UP vs DOWN),jet4_neEmEF
Different values (UP vs DOWN),jet4_neHEF
Different values (UP vs DOWN),jet4_phi
Different values (UP vs DOWN),jet4_pt
Different values (UP vs DOWN),jet4_pt_orig
Different values (UP vs DOWN),jet4_rawFactor
Different values (UP vs DOWN),jet5_PNetRegPtRawCorr
Different values (UP vs DOWN),jet5_PNetRegPtRawCorrNeutrino
Different values (UP vs DOWN),jet5_PNetRegPtRawRes
Different values (UP vs DOWN),jet5_btagDeepFlav_B
Different values (UP vs DOWN),jet5_btagDeepFlav_CvB
Different values (UP vs DOWN),jet5_btagDeepFlav_CvL
Different values (UP vs DOWN),jet5_btagDeepFlav_QG
Different values (UP vs DOWN),jet5_btagPNetB
Different values (UP vs DOWN),jet5_btagPNetQvG
Different values (UP vs DOWN),jet5_btagRobustParTAK4B
Different values (UP vs DOWN),jet5_btagRobustParTAK4QG
Different values (UP vs DOWN),jet5_chEmEF
Different values (UP vs DOWN),jet5_charge
Different values (UP vs DOWN),jet5_eta
Different values (UP vs DOWN),jet5_genFlav
Different values (UP vs DOWN),jet5_genMatched
Different values (UP vs DOWN),jet5_hFlav
Different values (UP vs DOWN),jet5_index
Different values (UP vs DOWN),jet5_jetId
Different values (UP vs DOWN),jet5_mass
Different values (UP vs DOWN),jet5_muEF
Different values (UP vs DOWN),jet5_neEmEF
Different values (UP vs DOWN),jet5_neHEF
Different values (UP vs DOWN),jet5_phi
Different values (UP vs DOWN),jet5_pt
Different values (UP vs DOWN),jet5_pt_orig
Different values (UP vs DOWN),jet5_rawFactor
Different values (UP vs DOWN),jet6_PNetRegPtRawCorr
Different values (UP vs DOWN),jet6_PNetRegPtRawCorrNeutrino
Different values (UP vs DOWN),jet6_PNetRegPtRawRes
Different values (UP vs DOWN),jet6_btagDeepFlav_B
Different values (UP vs DOWN),jet6_btagDeepFlav_CvB
Different values (UP vs DOWN),jet6_btagDeepFlav_CvL
Different values (UP vs DOWN),jet6_btagDeepFlav_QG
Different values (UP vs DOWN),jet6_btagPNetB
Different values (UP vs DOWN),jet6_btagPNetQvG
Different values (UP vs DOWN),jet6_btagRobustParTAK4B
Different values (UP vs DOWN),jet6_btagRobustParTAK4QG
Different values (UP vs DOWN),jet6_chEmEF
Different values (UP vs DOWN),jet6_charge
Different values (UP vs DOWN),jet6_eta
Different values (UP vs DOWN),jet6_genFlav
Different values (UP vs DOWN),jet6_genMatched
Different values (UP vs DOWN),jet6_hFlav
Different values (UP vs DOWN),jet6_index
Different values (UP vs DOWN),jet6_jetId
Different values (UP vs DOWN),jet6_mass
Different values (UP vs DOWN),jet6_muEF
Different values (UP vs DOWN),jet6_neEmEF
Different values (UP vs DOWN),jet6_neHEF
Different values (UP vs DOWN),jet6_phi
Different values (UP vs DOWN),jet6_pt
Different values (UP vs DOWN),jet6_pt_orig
Different values (UP vs DOWN),jet6_rawFactor
Different values (UP vs DOWN),jet7_PNetRegPtRawCorr
Different values (UP vs DOWN),jet7_PNetRegPtRawCorrNeutrino
Different values (UP vs DOWN),jet7_PNetRegPtRawRes
Different values (UP vs DOWN),jet7_btagDeepFlav_B
Different values (UP vs DOWN),jet7_btagDeepFlav_CvB
Different values (UP vs DOWN),jet7_btagDeepFlav_CvL
Different values (UP vs DOWN),jet7_btagDeepFlav_QG
Different values (UP vs DOWN),jet7_btagPNetB
Different values (UP vs DOWN),jet7_btagPNetQvG
Different values (UP vs DOWN),jet7_btagRobustParTAK4B
Different values (UP vs DOWN),jet7_btagRobustParTAK4QG
Different values (UP vs DOWN),jet7_chEmEF
Different values (UP vs DOWN),jet7_charge
Different values (UP vs DOWN),jet7_eta
Different values (UP vs DOWN),jet7_genFlav
Different values (UP vs DOWN),jet7_genMatched
Different values (UP vs DOWN),jet7_hFlav
Different values (UP vs DOWN),jet7_index
Different values (UP vs DOWN),jet7_jetId
Different values (UP vs DOWN),jet7_mass
Different values (UP vs DOWN),jet7_muEF
Different values (UP vs DOWN),jet7_neEmEF
Different values (UP vs DOWN),jet7_neHEF
Different values (UP vs DOWN),jet7_phi
Different values (UP vs DOWN),jet7_pt
Different values (UP vs DOWN),jet7_pt_orig
Different values (UP vs DOWN),jet7_rawFactor
Different values (UP vs DOWN),jet8_PNetRegPtRawCorr
Different values (UP vs DOWN),jet8_PNetRegPtRawCorrNeutrino
Different values (UP vs DOWN),jet8_PNetRegPtRawRes
Different values (UP vs DOWN),jet8_btagDeepFlav_B
Different values (UP vs DOWN),jet8_btagDeepFlav_CvB
Different values (UP vs DOWN),jet8_btagDeepFlav_CvL
Different values (UP vs DOWN),jet8_btagDeepFlav_QG
Different values (UP vs DOWN),jet8_btagPNetB
Different values (UP vs DOWN),jet8_btagPNetQvG
Different values (UP vs DOWN),jet8_btagRobustParTAK4B
Different values (UP vs DOWN),jet8_btagRobustParTAK4QG
Different values (UP vs DOWN),jet8_chEmEF
Different values (UP vs DOWN),jet8_charge
Different values (UP vs DOWN),jet8_eta
Different values (UP vs DOWN),jet8_genFlav
Different values (UP vs DOWN),jet8_genMatched
Different values (UP vs DOWN),jet8_hFlav
Different values (UP vs DOWN),jet8_index
Different values (UP vs DOWN),jet8_jetId
Different values (UP vs DOWN),jet8_mass
Different values (UP vs DOWN),jet8_muEF
Different values (UP vs DOWN),jet8_neEmEF
Different values (UP vs DOWN),jet8_neHEF
Different values (UP vs DOWN),jet8_phi
Different values (UP vs DOWN),jet8_pt
Different values (UP vs DOWN),jet8_pt_orig
Different values (UP vs DOWN),jet8_rawFactor
Different values (UP vs DOWN),jet9_PNetRegPtRawCorr
Different values (UP vs DOWN),jet9_PNetRegPtRawCorrNeutrino
Different values (UP vs DOWN),jet9_PNetRegPtRawRes
Different values (UP vs DOWN),jet9_btagDeepFlav_B
Different values (UP vs DOWN),jet9_btagDeepFlav_CvB
Different values (UP vs DOWN),jet9_btagDeepFlav_CvL
Different values (UP vs DOWN),jet9_btagDeepFlav_QG
Different values (UP vs DOWN),jet9_btagPNetB
Different values (UP vs DOWN),jet9_btagPNetQvG
Different values (UP vs DOWN),jet9_btagRobustParTAK4B
Different values (UP vs DOWN),jet9_btagRobustParTAK4QG
Different values (UP vs DOWN),jet9_chEmEF
Different values (UP vs DOWN),jet9_charge
Different values (UP vs DOWN),jet9_eta
Different values (UP vs DOWN),jet9_genFlav
Different values (UP vs DOWN),jet9_genMatched
Different values (UP vs DOWN),jet9_hFlav
Different values (UP vs DOWN),jet9_index
Different values (UP vs DOWN),jet9_jetId
Different values (UP vs DOWN),jet9_mass
Different values (UP vs DOWN),jet9_muEF
Different values (UP vs DOWN),jet9_neEmEF
Different values (UP vs DOWN),jet9_neHEF
Different values (UP vs DOWN),jet9_phi
Different values (UP vs DOWN),jet9_pt
Different values (UP vs DOWN),jet9_pt_orig
Different values (UP vs DOWN),jet9_rawFactor
Different values (UP vs DOWN),lead_ScEta
Different values (UP vs DOWN),lead_charge
Different values (UP vs DOWN),lead_cutBased
Different values (UP vs DOWN),lead_ecalPFClusterIso
Different values (UP vs DOWN),lead_electronIdx
Different values (UP vs DOWN),lead_electronIdxG
Different values (UP vs DOWN),lead_electronVeto
Different values (UP vs DOWN),lead_energyErr
Different values (UP vs DOWN),lead_energyRaw
Different values (UP vs DOWN),lead_esEffSigmaRR
Different values (UP vs DOWN),lead_esEnergyOverRawE
Different values (UP vs DOWN),lead_eta
Different values (UP vs DOWN),lead_etaWidth
Different values (UP vs DOWN),lead_genPartFlav
Different values (UP vs DOWN),lead_genPartIdx
Different values (UP vs DOWN),lead_genPartIdxG
Different values (UP vs DOWN),lead_haloTaggerMVAVal
Different values (UP vs DOWN),lead_hasConversionTracks
Different values (UP vs DOWN),lead_hcalPFClusterIso
Different values (UP vs DOWN),lead_hoe
Different values (UP vs DOWN),lead_hoe_PUcorr
Different values (UP vs DOWN),lead_isScEtaEB
Different values (UP vs DOWN),lead_isScEtaEE
Different values (UP vs DOWN),lead_jetIdx
Different values (UP vs DOWN),lead_jetIdxG
Different values (UP vs DOWN),lead_mass
Different values (UP vs DOWN),lead_mvaID
Different values (UP vs DOWN),lead_mvaID_WP80
Different values (UP vs DOWN),lead_mvaID_WP90
Different values (UP vs DOWN),lead_pfChargedIso
Different values (UP vs DOWN),lead_pfChargedIsoPFPV
Different values (UP vs DOWN),lead_pfChargedIsoWorstVtx
Different values (UP vs DOWN),lead_pfPhoIso03
Different values (UP vs DOWN),lead_pfRelIso03_all_quadratic
Different values (UP vs DOWN),lead_pfRelIso03_chg_quadratic
Different values (UP vs DOWN),lead_phi
Different values (UP vs DOWN),lead_phiWidth
Different values (UP vs DOWN),lead_pixelSeed
Different values (UP vs DOWN),lead_pt
Different values (UP vs DOWN),lead_pt_raw
Different values (UP vs DOWN),lead_r9
Different values (UP vs DOWN),lead_rho_smear
Different values (UP vs DOWN),lead_s4
Different values (UP vs DOWN),lead_seedGain
Different values (UP vs DOWN),lead_seediEtaOriX
Different values (UP vs DOWN),lead_seediPhiOriY
Different values (UP vs DOWN),lead_sieie
Different values (UP vs DOWN),lead_sieip
Different values (UP vs DOWN),lead_sipip
Different values (UP vs DOWN),lead_trkSumPtHollowConeDR03
Different values (UP vs DOWN),lead_trkSumPtSolidConeDR04
Different values (UP vs DOWN),lead_vetoEELeak
Different values (UP vs DOWN),lead_vidNestedWPBitmap
Different values (UP vs DOWN),lead_x_calo
Different values (UP vs DOWN),lead_y_calo
Different values (UP vs DOWN),lead_z_calo
Different values (UP vs DOWN),lepton1_charge
Different values (UP vs DOWN),lepton1_dxy
Different values (UP vs DOWN),lepton1_dz
Different values (UP vs DOWN),lepton1_eta
Different values (UP vs DOWN),lepton1_genMatched
Different values (UP vs DOWN),lepton1_generation
Different values (UP vs DOWN),lepton1_mass
Different values (UP vs DOWN),lepton1_mvaID
Different values (UP vs DOWN),lepton1_pfIsoId
Different values (UP vs DOWN),lepton1_pfRelIso03_all
Different values (UP vs DOWN),lepton1_pfRelIso04_all
Different values (UP vs DOWN),lepton1_phi
Different values (UP vs DOWN),lepton1_pt
Different values (UP vs DOWN),lepton2_charge
Different values (UP vs DOWN),lepton2_dxy
Different values (UP vs DOWN),lepton2_dz
Different values (UP vs DOWN),lepton2_eta
Different values (UP vs DOWN),lepton2_genMatched
Different values (UP vs DOWN),lepton2_generation
Different values (UP vs DOWN),lepton2_mass
Different values (UP vs DOWN),lepton2_mvaID
Different values (UP vs DOWN),lepton2_pfIsoId
Different values (UP vs DOWN),lepton2_pfRelIso03_all
Different values (UP vs DOWN),lepton2_pfRelIso04_all
Different values (UP vs DOWN),lepton2_phi
Different values (UP vs DOWN),lepton2_pt
Different values (UP vs DOWN),lepton3_charge
Different values (UP vs DOWN),lepton3_dxy
Different values (UP vs DOWN),lepton3_dz
Different values (UP vs DOWN),lepton3_eta
Different values (UP vs DOWN),lepton3_genMatched
Different values (UP vs DOWN),lepton3_generation
Different values (UP vs DOWN),lepton3_mass
Different values (UP vs DOWN),lepton3_mvaID
Different values (UP vs DOWN),lepton3_pfIsoId
Different values (UP vs DOWN),lepton3_pfRelIso03_all
Different values (UP vs DOWN),lepton3_pfRelIso04_all
Different values (UP vs DOWN),lepton3_phi
Different values (UP vs DOWN),lepton3_pt
Different values (UP vs DOWN),lepton4_charge
Different values (UP vs DOWN),lepton4_dxy
Different values (UP vs DOWN),lepton4_dz
Different values (UP vs DOWN),lepton4_eta
Different values (UP vs DOWN),lepton4_genMatched
Different values (UP vs DOWN),lepton4_generation
Different values (UP vs DOWN),lepton4_mass
Different values (UP vs DOWN),lepton4_mvaID
Different values (UP vs DOWN),lepton4_pfIsoId
Different values (UP vs DOWN),lepton4_pfRelIso03_all
Different values (UP vs DOWN),lepton4_pfRelIso04_all
Different values (UP vs DOWN),lepton4_phi
Different values (UP vs DOWN),lepton4_pt
Different values (UP vs DOWN),lumi
Different values (UP vs DOWN),mass
Different values (UP vs DOWN),nBLoose
Different values (UP vs DOWN),nBMedium
Different values (UP vs DOWN),nBTight
Different values (UP vs DOWN),nBXTight
Different values (UP vs DOWN),nBXXTight
Different values (UP vs DOWN),nPV
Different values (UP vs DOWN),n_electrons
Different values (UP vs DOWN),n_electrons_after_dxy_dz_cuts
Different values (UP vs DOWN),n_fatjets
Different values (UP vs DOWN),n_jets
Different values (UP vs DOWN),n_leptons
Different values (UP vs DOWN),n_muons
Different values (UP vs DOWN),n_muons_after_dxy_dz_cuts
Different values (UP vs DOWN),nonResReg_CosThetaStar_CS
Different values (UP vs DOWN),nonResReg_CosThetaStar_gg
Different values (UP vs DOWN),nonResReg_CosThetaStar_jj
Different values (UP vs DOWN),nonResReg_DNNpair_CosThetaStar_CS
Different values (UP vs DOWN),nonResReg_DNNpair_CosThetaStar_gg
Different values (UP vs DOWN),nonResReg_DNNpair_CosThetaStar_jj
Different values (UP vs DOWN),nonResReg_DNNpair_DeltaPhi_j1MET
Different values (UP vs DOWN),nonResReg_DNNpair_DeltaPhi_j2MET
Different values (UP vs DOWN),nonResReg_DNNpair_DeltaR_j1g1
Different values (UP vs DOWN),nonResReg_DNNpair_DeltaR_j1g2
Different values (UP vs DOWN),nonResReg_DNNpair_DeltaR_j2g1
Different values (UP vs DOWN),nonResReg_DNNpair_DeltaR_j2g2
Different values (UP vs DOWN),nonResReg_DNNpair_DeltaR_jg_min
Different values (UP vs DOWN),nonResReg_DNNpair_FirstJet_PtOverM
Different values (UP vs DOWN),nonResReg_DNNpair_HHbbggCandidate_eta
Different values (UP vs DOWN),nonResReg_DNNpair_HHbbggCandidate_mass
Different values (UP vs DOWN),nonResReg_DNNpair_HHbbggCandidate_phi
Different values (UP vs DOWN),nonResReg_DNNpair_HHbbggCandidate_pt
Different values (UP vs DOWN),nonResReg_DNNpair_Higgs_toGG_genMatched
Different values (UP vs DOWN),nonResReg_DNNpair_Higgs_tobb_genMatched
Different values (UP vs DOWN),nonResReg_DNNpair_MET_phiPNetCorr
Different values (UP vs DOWN),nonResReg_DNNpair_MET_ptPNetCorr
Different values (UP vs DOWN),nonResReg_DNNpair_M_X
Different values (UP vs DOWN),nonResReg_DNNpair_SecondJet_PtOverM
Different values (UP vs DOWN),nonResReg_DNNpair_chi_t0
Different values (UP vs DOWN),nonResReg_DNNpair_chi_t1
Different values (UP vs DOWN),nonResReg_DNNpair_dijet_DNNpair_Score
Different values (UP vs DOWN),nonResReg_DNNpair_dijet_charge
Different values (UP vs DOWN),nonResReg_DNNpair_dijet_eta
Different values (UP vs DOWN),nonResReg_DNNpair_dijet_mass
Different values (UP vs DOWN),nonResReg_DNNpair_dijet_mass_DNNreg
Different values (UP vs DOWN),nonResReg_DNNpair_dijet_phi
Different values (UP vs DOWN),nonResReg_DNNpair_dijet_pt
Different values (UP vs DOWN),nonResReg_DNNpair_has_atleast_one_fatjet
Different values (UP vs DOWN),nonResReg_DNNpair_has_two_btagged_jets
Different values (UP vs DOWN),nonResReg_DNNpair_lead_bjet_PNetRegPtRawCorr
Different values (UP vs DOWN),nonResReg_DNNpair_lead_bjet_PNetRegPtRawCorrNeutrino
Different values (UP vs DOWN),nonResReg_DNNpair_lead_bjet_PNetRegPtRawRes
Different values (UP vs DOWN),nonResReg_DNNpair_lead_bjet_btagPNetB
Different values (UP vs DOWN),nonResReg_DNNpair_lead_bjet_charge
Different values (UP vs DOWN),nonResReg_DNNpair_lead_bjet_eta
Different values (UP vs DOWN),nonResReg_DNNpair_lead_bjet_genFlav
Different values (UP vs DOWN),nonResReg_DNNpair_lead_bjet_genMatched
Different values (UP vs DOWN),nonResReg_DNNpair_lead_bjet_hFlav
Different values (UP vs DOWN),nonResReg_DNNpair_lead_bjet_jet_idx
Different values (UP vs DOWN),nonResReg_DNNpair_lead_bjet_mass
Different values (UP vs DOWN),nonResReg_DNNpair_lead_bjet_phi
Different values (UP vs DOWN),nonResReg_DNNpair_lead_bjet_pt
Different values (UP vs DOWN),nonResReg_DNNpair_lead_bjet_pt_orig
Different values (UP vs DOWN),nonResReg_DNNpair_lead_bjet_rawFactor
Different values (UP vs DOWN),nonResReg_DNNpair_pholead_PtOverM
Different values (UP vs DOWN),nonResReg_DNNpair_phosublead_PtOverM
Different values (UP vs DOWN),nonResReg_DNNpair_sublead_bjet_PNetRegPtRawCorr
Different values (UP vs DOWN),nonResReg_DNNpair_sublead_bjet_PNetRegPtRawCorrNeutrino
Different values (UP vs DOWN),nonResReg_DNNpair_sublead_bjet_PNetRegPtRawRes
Different values (UP vs DOWN),nonResReg_DNNpair_sublead_bjet_btagPNetB
Different values (UP vs DOWN),nonResReg_DNNpair_sublead_bjet_charge
Different values (UP vs DOWN),nonResReg_DNNpair_sublead_bjet_eta
Different values (UP vs DOWN),nonResReg_DNNpair_sublead_bjet_genFlav
Different values (UP vs DOWN),nonResReg_DNNpair_sublead_bjet_genMatched
Different values (UP vs DOWN),nonResReg_DNNpair_sublead_bjet_hFlav
Different values (UP vs DOWN),nonResReg_DNNpair_sublead_bjet_jet_idx
Different values (UP vs DOWN),nonResReg_DNNpair_sublead_bjet_mass
Different values (UP vs DOWN),nonResReg_DNNpair_sublead_bjet_phi
Different values (UP vs DOWN),nonResReg_DNNpair_sublead_bjet_pt
Different values (UP vs DOWN),nonResReg_DNNpair_sublead_bjet_pt_orig
Different values (UP vs DOWN),nonResReg_DNNpair_sublead_bjet_rawFactor
Different values (UP vs DOWN),nonResReg_DeltaPhi_j1MET
Different values (UP vs DOWN),nonResReg_DeltaPhi_j2MET
Different values (UP vs DOWN),nonResReg_DeltaR_j1g1
Different values (UP vs DOWN),nonResReg_DeltaR_j1g2
Different values (UP vs DOWN),nonResReg_DeltaR_j2g1
Different values (UP vs DOWN),nonResReg_DeltaR_j2g2
Different values (UP vs DOWN),nonResReg_DeltaR_jg_min
Different values (UP vs DOWN),nonResReg_FirstJet_PtOverM
Different values (UP vs DOWN),nonResReg_HHbbggCandidate_eta
Different values (UP vs DOWN),nonResReg_HHbbggCandidate_mass
Different values (UP vs DOWN),nonResReg_HHbbggCandidate_phi
Different values (UP vs DOWN),nonResReg_HHbbggCandidate_pt
Different values (UP vs DOWN),nonResReg_Higgs_toGG_genMatched
Different values (UP vs DOWN),nonResReg_Higgs_tobb_genMatched
Different values (UP vs DOWN),nonResReg_MET_phiPNetCorr
Different values (UP vs DOWN),nonResReg_MET_ptPNetCorr
Different values (UP vs DOWN),nonResReg_M_X
Different values (UP vs DOWN),nonResReg_SecondJet_PtOverM
Different values (UP vs DOWN),nonResReg_chi_t0
Different values (UP vs DOWN),nonResReg_chi_t1
Different values (UP vs DOWN),nonResReg_dijet_charge
Different values (UP vs DOWN),nonResReg_dijet_eta
Different values (UP vs DOWN),nonResReg_dijet_mass
Different values (UP vs DOWN),nonResReg_dijet_mass_DNNreg
Different values (UP vs DOWN),nonResReg_dijet_phi
Different values (UP vs DOWN),nonResReg_dijet_pt
Different values (UP vs DOWN),nonResReg_has_atleast_one_fatjet
Different values (UP vs DOWN),nonResReg_has_two_btagged_jets
Different values (UP vs DOWN),nonResReg_lead_bjet_PNetRegPtRawCorr
Different values (UP vs DOWN),nonResReg_lead_bjet_PNetRegPtRawCorrNeutrino
Different values (UP vs DOWN),nonResReg_lead_bjet_PNetRegPtRawRes
Different values (UP vs DOWN),nonResReg_lead_bjet_btagPNetB
Different values (UP vs DOWN),nonResReg_lead_bjet_charge
Different values (UP vs DOWN),nonResReg_lead_bjet_eta
Different values (UP vs DOWN),nonResReg_lead_bjet_genFlav
Different values (UP vs DOWN),nonResReg_lead_bjet_genMatched
Different values (UP vs DOWN),nonResReg_lead_bjet_hFlav
Different values (UP vs DOWN),nonResReg_lead_bjet_jet_idx
Different values (UP vs DOWN),nonResReg_lead_bjet_mass
Different values (UP vs DOWN),nonResReg_lead_bjet_phi
Different values (UP vs DOWN),nonResReg_lead_bjet_pt
Different values (UP vs DOWN),nonResReg_lead_bjet_pt_orig
Different values (UP vs DOWN),nonResReg_lead_bjet_rawFactor
Different values (UP vs DOWN),nonResReg_pholead_PtOverM
Different values (UP vs DOWN),nonResReg_phosublead_PtOverM
Different values (UP vs DOWN),nonResReg_sublead_bjet_PNetRegPtRawCorr
Different values (UP vs DOWN),nonResReg_sublead_bjet_PNetRegPtRawCorrNeutrino
Different values (UP vs DOWN),nonResReg_sublead_bjet_PNetRegPtRawRes
Different values (UP vs DOWN),nonResReg_sublead_bjet_btagPNetB
Different values (UP vs DOWN),nonResReg_sublead_bjet_charge
Different values (UP vs DOWN),nonResReg_sublead_bjet_eta
Different values (UP vs DOWN),nonResReg_sublead_bjet_genFlav
Different values (UP vs DOWN),nonResReg_sublead_bjet_genMatched
Different values (UP vs DOWN),nonResReg_sublead_bjet_hFlav
Different values (UP vs DOWN),nonResReg_sublead_bjet_jet_idx
Different values (UP vs DOWN),nonResReg_sublead_bjet_mass
Different values (UP vs DOWN),nonResReg_sublead_bjet_phi
Different values (UP vs DOWN),nonResReg_sublead_bjet_pt
Different values (UP vs DOWN),nonResReg_sublead_bjet_pt_orig
Different values (UP vs DOWN),nonResReg_sublead_bjet_rawFactor
Different values (UP vs DOWN),nonRes_CosThetaStar_CS
Different values (UP vs DOWN),nonRes_CosThetaStar_gg
Different values (UP vs DOWN),nonRes_CosThetaStar_jj
Different values (UP vs DOWN),nonRes_DeltaPhi_j1MET
Different values (UP vs DOWN),nonRes_DeltaPhi_j2MET
Different values (UP vs DOWN),nonRes_DeltaR_j1g1
Different values (UP vs DOWN),nonRes_DeltaR_j1g2
Different values (UP vs DOWN),nonRes_DeltaR_j2g1
Different values (UP vs DOWN),nonRes_DeltaR_j2g2
Different values (UP vs DOWN),nonRes_DeltaR_jg_min
Different values (UP vs DOWN),nonRes_FirstJet_PtOverM
Different values (UP vs DOWN),nonRes_HHbbggCandidate_eta
Different values (UP vs DOWN),nonRes_HHbbggCandidate_mass
Different values (UP vs DOWN),nonRes_HHbbggCandidate_phi
Different values (UP vs DOWN),nonRes_HHbbggCandidate_pt
Different values (UP vs DOWN),nonRes_Higgs_toGG_genMatched
Different values (UP vs DOWN),nonRes_Higgs_tobb_genMatched
Different values (UP vs DOWN),nonRes_MET_phiPNetCorr
Different values (UP vs DOWN),nonRes_MET_ptPNetCorr
Different values (UP vs DOWN),nonRes_M_X
Different values (UP vs DOWN),nonRes_SecondJet_PtOverM
Different values (UP vs DOWN),nonRes_chi_t0
Different values (UP vs DOWN),nonRes_chi_t1
Different values (UP vs DOWN),nonRes_dijet_charge
Different values (UP vs DOWN),nonRes_dijet_eta
Different values (UP vs DOWN),nonRes_dijet_mass
Different values (UP vs DOWN),nonRes_dijet_mass_DNNreg
Different values (UP vs DOWN),nonRes_dijet_phi
Different values (UP vs DOWN),nonRes_dijet_pt
Different values (UP vs DOWN),nonRes_has_atleast_one_fatjet
Different values (UP vs DOWN),nonRes_has_two_btagged_jets
Different values (UP vs DOWN),nonRes_lead_bjet_PNetRegPtRawCorr
Different values (UP vs DOWN),nonRes_lead_bjet_PNetRegPtRawCorrNeutrino
Different values (UP vs DOWN),nonRes_lead_bjet_PNetRegPtRawRes
Different values (UP vs DOWN),nonRes_lead_bjet_btagPNetB
Different values (UP vs DOWN),nonRes_lead_bjet_charge
Different values (UP vs DOWN),nonRes_lead_bjet_eta
Different values (UP vs DOWN),nonRes_lead_bjet_genFlav
Different values (UP vs DOWN),nonRes_lead_bjet_genMatched
Different values (UP vs DOWN),nonRes_lead_bjet_hFlav
Different values (UP vs DOWN),nonRes_lead_bjet_jet_idx
Different values (UP vs DOWN),nonRes_lead_bjet_mass
Different values (UP vs DOWN),nonRes_lead_bjet_phi
Different values (UP vs DOWN),nonRes_lead_bjet_pt
Different values (UP vs DOWN),nonRes_lead_bjet_pt_orig
Different values (UP vs DOWN),nonRes_lead_bjet_rawFactor
Different values (UP vs DOWN),nonRes_pholead_PtOverM
Different values (UP vs DOWN),nonRes_phosublead_PtOverM
Different values (UP vs DOWN),nonRes_sublead_bjet_PNetRegPtRawCorr
Different values (UP vs DOWN),nonRes_sublead_bjet_PNetRegPtRawCorrNeutrino
Different values (UP vs DOWN),nonRes_sublead_bjet_PNetRegPtRawRes
Different values (UP vs DOWN),nonRes_sublead_bjet_btagPNetB
Different values (UP vs DOWN),nonRes_sublead_bjet_charge
Different values (UP vs DOWN),nonRes_sublead_bjet_eta
Different values (UP vs DOWN),nonRes_sublead_bjet_genFlav
Different values (UP vs DOWN),nonRes_sublead_bjet_genMatched
Different values (UP vs DOWN),nonRes_sublead_bjet_hFlav
Different values (UP vs DOWN),nonRes_sublead_bjet_jet_idx
Different values (UP vs DOWN),nonRes_sublead_bjet_mass
Different values (UP vs DOWN),nonRes_sublead_bjet_phi
Different values (UP vs DOWN),nonRes_sublead_bjet_pt
Different values (UP vs DOWN),nonRes_sublead_bjet_pt_orig
Different values (UP vs DOWN),nonRes_sublead_bjet_rawFactor
Different values (UP vs DOWN),pass_fiducial_classical
Different values (UP vs DOWN),pass_fiducial_geometric
Different values (UP vs DOWN),phi
Different values (UP vs DOWN),pt
Different values (UP vs DOWN),puppiMET_phi
Different values (UP vs DOWN),puppiMET_phiJERDown
Different values (UP vs DOWN),puppiMET_phiJERUp
Different values (UP vs DOWN),puppiMET_phiJESDown
Different values (UP vs DOWN),puppiMET_phiJESUp
Different values (UP vs DOWN),puppiMET_phiUnclusteredDown
Different values (UP vs DOWN),puppiMET_phiUnclusteredUp
Different values (UP vs DOWN),puppiMET_pt
Different values (UP vs DOWN),puppiMET_ptJERDown
Different values (UP vs DOWN),puppiMET_ptJERUp
Different values (UP vs DOWN),puppiMET_ptJESDown
Different values (UP vs DOWN),puppiMET_ptJESUp
Different values (UP vs DOWN),puppiMET_ptUnclusteredDown
Different values (UP vs DOWN),puppiMET_ptUnclusteredUp
Different values (UP vs DOWN),puppiMET_sumEt
Different values (UP vs DOWN),rapidity
Different values (UP vs DOWN),run
Different values (UP vs DOWN),sigma_m_over_m
Different values (UP vs DOWN),sigma_m_over_m_Smeared
Different values (UP vs DOWN),sublead_ScEta
Different values (UP vs DOWN),sublead_charge
Different values (UP vs DOWN),sublead_cutBased
Different values (UP vs DOWN),sublead_ecalPFClusterIso
Different values (UP vs DOWN),sublead_electronIdx
Different values (UP vs DOWN),sublead_electronIdxG
Different values (UP vs DOWN),sublead_electronVeto
Different values (UP vs DOWN),sublead_energyErr
Different values (UP vs DOWN),sublead_energyRaw
Different values (UP vs DOWN),sublead_esEffSigmaRR
Different values (UP vs DOWN),sublead_esEnergyOverRawE
Different values (UP vs DOWN),sublead_eta
Different values (UP vs DOWN),sublead_etaWidth
Different values (UP vs DOWN),sublead_genPartFlav
Different values (UP vs DOWN),sublead_genPartIdx
Different values (UP vs DOWN),sublead_genPartIdxG
Different values (UP vs DOWN),sublead_haloTaggerMVAVal
Different values (UP vs DOWN),sublead_hasConversionTracks
Different values (UP vs DOWN),sublead_hcalPFClusterIso
Different values (UP vs DOWN),sublead_hoe
Different values (UP vs DOWN),sublead_hoe_PUcorr
Different values (UP vs DOWN),sublead_isScEtaEB
Different values (UP vs DOWN),sublead_isScEtaEE
Different values (UP vs DOWN),sublead_jetIdx
Different values (UP vs DOWN),sublead_jetIdxG
Different values (UP vs DOWN),sublead_mass
Different values (UP vs DOWN),sublead_mvaID
Different values (UP vs DOWN),sublead_mvaID_WP80
Different values (UP vs DOWN),sublead_mvaID_WP90
Different values (UP vs DOWN),sublead_pfChargedIso
Different values (UP vs DOWN),sublead_pfChargedIsoPFPV
Different values (UP vs DOWN),sublead_pfChargedIsoWorstVtx
Different values (UP vs DOWN),sublead_pfPhoIso03
Different values (UP vs DOWN),sublead_pfRelIso03_all_quadratic
Different values (UP vs DOWN),sublead_pfRelIso03_chg_quadratic
Different values (UP vs DOWN),sublead_phi
Different values (UP vs DOWN),sublead_phiWidth
Different values (UP vs DOWN),sublead_pixelSeed
Different values (UP vs DOWN),sublead_pt
Different values (UP vs DOWN),sublead_pt_raw
Different values (UP vs DOWN),sublead_r9
Different values (UP vs DOWN),sublead_rho_smear
Different values (UP vs DOWN),sublead_s4
Different values (UP vs DOWN),sublead_seedGain
Different values (UP vs DOWN),sublead_seediEtaOriX
Different values (UP vs DOWN),sublead_seediPhiOriY
Different values (UP vs DOWN),sublead_sieie
Different values (UP vs DOWN),sublead_sieip
Different values (UP vs DOWN),sublead_sipip
Different values (UP vs DOWN),sublead_trkSumPtHollowConeDR03
Different values (UP vs DOWN),sublead_trkSumPtSolidConeDR04
Different values (UP vs DOWN),sublead_vetoEELeak
Different values (UP vs DOWN),sublead_vidNestedWPBitmap
Different values (UP vs DOWN),sublead_x_calo
Different values (UP vs DOWN),sublead_y_calo
Different values (UP vs DOWN),sublead_z_calo
Different values (UP vs DOWN),weight
Different values (UP vs DOWN),weight_central
Different values (UP vs DOWN),weight_interference
Different values (UP vs DOWN),weight_nominal
Only in UP (not in NOMINAL),None
Only in NOMINAL (not in UP),weight_ElectronVetoSFDown
Only in NOMINAL (not in UP),weight_ElectronVetoSFUp
Only in NOMINAL (not in UP),weight_PileupDown
Only in NOMINAL (not in UP),weight_PileupUp
Only in NOMINAL (not in UP),weight_PreselSFDown
Only in NOMINAL (not in UP),weight_PreselSFUp
Only in NOMINAL (not in UP),weight_TriggerSFDown
Only in NOMINAL (not in UP),weight_TriggerSFUp
Only in NOMINAL (not in UP),weight_bTagSF_sys_cferr1Down
Only in NOMINAL (not in UP),weight_bTagSF_sys_cferr1Up
Only in NOMINAL (not in UP),weight_bTagSF_sys_cferr2Down
Only in NOMINAL (not in UP),weight_bTagSF_sys_cferr2Up
Only in NOMINAL (not in UP),weight_bTagSF_sys_hfDown
Only in NOMINAL (not in UP),weight_bTagSF_sys_hfUp
Only in NOMINAL (not in UP),weight_bTagSF_sys_hfstats1Down
Only in NOMINAL (not in UP),weight_bTagSF_sys_hfstats1Up
Only in NOMINAL (not in UP),weight_bTagSF_sys_hfstats2Down
Only in NOMINAL (not in UP),weight_bTagSF_sys_hfstats2Up
Only in NOMINAL (not in UP),weight_bTagSF_sys_jesDown
Only in NOMINAL (not in UP),weight_bTagSF_sys_jesUp
Only in NOMINAL (not in UP),weight_bTagSF_sys_lfDown
Only in NOMINAL (not in UP),weight_bTagSF_sys_lfUp
Only in NOMINAL (not in UP),weight_bTagSF_sys_lfstats1Down
Only in NOMINAL (not in UP),weight_bTagSF_sys_lfstats1Up
Only in NOMINAL (not in UP),weight_bTagSF_sys_lfstats2Down
Only in NOMINAL (not in UP),weight_bTagSF_sys_lfstats2Up
Only in DOWN (not in NOMINAL),None
Only in NOMINAL (not in DOWN),weight_ElectronVetoSFDown
Only in NOMINAL (not in DOWN),weight_ElectronVetoSFUp
Only in NOMINAL (not in DOWN),weight_PileupDown
Only in NOMINAL (not in DOWN),weight_PileupUp
Only in NOMINAL (not in DOWN),weight_PreselSFDown
Only in NOMINAL (not in DOWN),weight_PreselSFUp
Only in NOMINAL (not in DOWN),weight_TriggerSFDown
Only in NOMINAL (not in DOWN),weight_TriggerSFUp
Only in NOMINAL (not in DOWN),weight_bTagSF_sys_cferr1Down
Only in NOMINAL (not in DOWN),weight_bTagSF_sys_cferr1Up
Only in NOMINAL (not in DOWN),weight_bTagSF_sys_cferr2Down
Only in NOMINAL (not in DOWN),weight_bTagSF_sys_cferr2Up
Only in NOMINAL (not in DOWN),weight_bTagSF_sys_hfDown
Only in NOMINAL (not in DOWN),weight_bTagSF_sys_hfUp
Only in NOMINAL (not in DOWN),weight_bTagSF_sys_hfstats1Down
Only in NOMINAL (not in DOWN),weight_bTagSF_sys_hfstats1Up
Only in NOMINAL (not in DOWN),weight_bTagSF_sys_hfstats2Down
Only in NOMINAL (not in DOWN),weight_bTagSF_sys_hfstats2Up
Only in NOMINAL (not in DOWN),weight_bTagSF_sys_jesDown
Only in NOMINAL (not in DOWN),weight_bTagSF_sys_jesUp
Only in NOMINAL (not in DOWN),weight_bTagSF_sys_lfDown
Only in NOMINAL (not in DOWN),weight_bTagSF_sys_lfUp
Only in NOMINAL (not in DOWN),weight_bTagSF_sys_lfstats1Down
Only in NOMINAL (not in DOWN),weight_bTagSF_sys_lfstats1Up
Only in NOMINAL (not in DOWN),weight_bTagSF_sys_lfstats2Down
Only in NOMINAL (not in DOWN),weight_bTagSF_sys_lfstats2Up
